idproduto,codigoprodutoalmox,descricaoproduto,quantidade,codunidade
1,7195,"ABRACADEIRA ROSCA SEM FIM, 1/2 X 3/4""",0,6
2,6776,ABRACADEIRA ROSCA SEM FIM, 16 A 25MM, 10,0,6
3,8129,"ABRACADEIRA TIPO CHAVETA GALVANIZADA 1.1/2""",0,6
4,8130,"ABRACADEIRA TIPO CHAVETA GALVANIZADA 1.1/4""",0,6
5,8128,"ABRACADEIRA TIPO CHAVETA GALVANIZADA 1""",0,6
6,8131,"ABRACADEIRA TIPO CHAVETA GALVANIZADA 2""",0,6
7,0858,ADAPTADOR DISPLAY PORT PARA DVI.,0,6
8,0150,ADAPTADOR P/ TOMADA 2 PINOS + TERRA, P/ PADRÃO NOVO/VELHO.,0,6
9,0149,ADAPTADOR P/ TOMADA 2 PINOS + TERRA, P/ PADRÃO VELHO/NOVO.,0,6
10,3973,ADAPTADOR S/R, REGISTRO, 20MM X 1/2',0,6
11,9297,ADAPTADOR SOLDAVEL C/ ROSCA ,REGISTRO 40MM,0,6
12,9302,ADAPTADOR SOLDAVEL C/ ROSCA REGISTRO 110MM,0,6
13,9300,ADAPTADOR SOLDAVEL C/ ROSCA REGISTRO 75MM,0,6
14,9301,ADAPTADOR SOLDAVEL C/ ROSCA REGISTRO 85MM,0,6
15,9299,"ADAPTADOR SOLDAVEL C/ ROSCA,REGISTRO 60MM X 2""",0,6
16,3967,ADAPTADOR SOLDAVEL C/ROSCA, REGISTRO, 25MM,0,6
17,7485,"ADAPTADOR SOLDAVEL, C/ROSCA, REGISTRO 50MM X 1 1/2"".",0,6
18,9295,ADESIVO DE ALTA PERFORMANCE P/ COLAR PISO VINILICO 3,5KG,0,22
19,3610,ADESIVO P/ PVC, TUBO C/75 GR.(COLA P/ TUBOS),0,20
20,3861,AGLOMERADO P/ MOVEIS, 275 X 185CM X 15MM,0,26
21,5372,AGUA MINERAL (TROCA BAMBONA CHEIA),0,13
22,6588,AGUA MINERAL (VAZILHAME VAZIO) CAP. 20 L,0,6
23,4221,AGUA OXIGENADA 10 VOL, 1 LITRO.,0,2
24,3511,AGUA SANITÁRIA - LITRO,0,2
25,0866,ALCOOL ETILICO HIDRATADO EM GEL, 65º, MULTIUSO, 500GR.,0,12
26,0872,ALCOOL ETILICO HIDRATADO, 46º,0,2
27,7548,ALÇA CONTRA-POSTE, P/ CABO AÇO 6.35MM,0,6
28,7549,ALÇA PRÉ-FORMADA P/ CABO ALUMÍNIO 2CA,0,6
29,0081,ALÇA PRÉ-FORMADA P/ CABO ALUMÍNIO CAA#10MM²,0,6
30,0082,ALÇA PRÉ-FORMADA P/ CABO ALUMÍNIO CAA#25MM²,0,6
31,9230,ALÇA PRÉ-FORMADA P/ CABO ALUMÍNIO CAA#35MM²,0,6
32,9231,ALÇA PRÉ-FORMADA P/ CABO ALUMÍNIO CAA#50MM²,0,6
33,7912,ALFINETE P/ MAPA CX. 50UN., CABEÇA LARANJA,0,4
34,3003,ALFINETE P/ MAPA, CX. 50UN., CABECA AMARELA,0,4
35,3004,ALFINETE P/ MAPA, CX. 50UN., CABECA AZUL,0,4
36,3005,ALFINETE P/ MAPA, CX. 50UN., CABECA BRANCA,0,4
37,3013,ALFINETE P/ MAPA, CX. 50UN., CABECA VERDE,0,4
38,3012,ALFINETE P/ MAPA, CX. 50UN., CABECA VERMELHA,0,4
39,3492,ALGODÃO HIDROFILO, ROLO 500 GR,0,19
40,6780,ALICATE BOMBA-DAGUA, 6 POSICOES,0,6
41,7356,"ALICATE DE CORTE DIAGONAL, 6"".",0,6
42,0441,ALICATE DE CRIMPAR CABO DE REDE, PARA  RJ45 E RJ11.,0,6
43,7355,ALICATE DE PRESSAO, CROMADO.,0,6
44,0408,"ALICATE PARA ELETRICISTA 9"", MULTIUSO.",0,6
45,7550,ALICATE TIPO TELEFONE, BICO RETO,,0,6
46,6117,ALICATE UNIVERSAL, C/ CABO ISOLADO.,0,6
47,3014,ALMOFADA P/ CARIMBO, ENTINTADA, AZUL,0,6
48,3015,ALMOFADA P/ CARIMBO, ENTINTADA, PRETA,0,6
49,3017,ALMOFADA P/ CARIMBO, ENTINTADA, VERMELHA,0,6
50,3735,ALVENARITE, EMB. 1 LT.,0,2
51,6105,ANCINHO TAM. PEQUENO, 12 DENTES, C/ CABO.,0,6
52,6640,ANEL BORRACHA P/ TUBO PVC BRANCO 100MM,0,6
53,7461,ANEL BORRACHA P/ TUBO PVC BRANCO 40MM.,0,6
54,7462,ANEL BORRACHA P/ TUBO PVC BRANCO 50MM.,0,6
55,7463,ANEL BORRACHA P/ TUBO PVC BRANCO 75MM.,0,6
56,9417,ANEL BORRACHA P/ TUBO PVC MARROM 110 MM,0,6
57,9418,ANEL BORRACHA P/ TUBO PVC MARROM 200 MM,0,6
58,9413,ANEL BORRACHA P/ TUBO PVC MARROM 50 MM,0,6
59,9414,ANEL BORRACHA P/ TUBO PVC MARROM 60 MM,0,6
60,9415,ANEL BORRACHA P/ TUBO PVC MARROM 75 MM,0,6
61,9416,ANEL BORRACHA P/ TUBO PVC MARROM 85 MM,0,6
62,9412,ANEL BORRACHA P/ TUBO PVC MARRON 100MM,0,6
63,6612,ANEL VEDACAO P/ VASO SANITARIO, DECANEL ARCO DE SERRA,0,6
64,3019,APAGADOR P/ QUADRO BRANCO/VIDRO (TINTA),0,6
65,3020,APAGADOR P/ QUADRO-NEGRO (P/ GIZ).,0,6
66,6781,APARELHO APLICADOR P/ FITAS ADESIVAS 50M,0,6
67,9504,APOIO P/ PÉS C/ REGULAGEM DE ALTURA.,0,6
68,9503,APOIO PARA DIGITAÇÃO 400 X 22 X 65 MM.,0,6
69,3021,APONTADOR DE LAPIS, TIPO ESCOLAR,0,6
70,3778,ARAME FARPADO, ROLO C/ 500 M.,0,19
71,6738,ARANDELA DE PAREDE (LUMINARIA EXTERNA),0,6
72,6127,ARCO DE SERRA MANUAL,0,6
73,3739,ARRUELA 2,5 CM DE DIAMETRO TOTAL.,0,6
74,7436,"ARRUELA ALUMINIO ELETRODUTO, 1/2""",0,6
75,7435,"ARRUELA ALUMINIO ELETRODUTO, 1""",0,6
76,3974,ASSENTO P/ VASO SANITARIO,0,6
77,6477,ATADURA DE CREPE, 12CM X 3M.,0,19
78,3024,ATILHOS DE LATEX, EMB. C/ APROX. 100G,0,25
79,4118,BACIA PLASTICA, 11 LT,0,6
80,9570,BACIA PLASTICA, 3 LT,0,6
81,4117,BACIA PLASTICA, 5 LT,0,6
82,6673,BALÕES (DIVERSAS CORES), EMBALAGEM C/ 50 UN.,0,7
83,0065,BALÕES TIPO CANUDO, COLORIDOS, C/ 50 UN.,0,7
84,3025,BANDEJA P/ CORRESPONDENCIA, ACRILICO,0,6
85,3801,BANDEJA PLAST. PINTURA, 27 X 35 CM,0,6
86,0084,BANDEJA PLÁST. PINTURA 15 X 23 CM,0,6
87,3494,BARBANTE DE ALGODAO, C/ 250 GR,0,19
88,3503,BARBANTE DE ALGODÃO, C/ 500 GR.,0,19
89,9784,BARBANTE DE NYLON 3MM P/ VARAL.,0,16
90,3497,BARBANTE DE SISAL, C/ 500 GR,0,19
91,3502,BARBANTE ENCERADO, C/ 100 M,0,19
92,9228,BASE DE PORCELANA E40-ROSCA EDISON (SUPORTE),0,6
93,0431,BASTIDOR PARA BLOCO DE ENGATE RÁPIDO P/ 50 PARES.,0,6
94,7663,BATERIA RECARREGÁVEL P/ TEL. S/FIO, 2.4V, 300mAh,0,6
95,9538,BIBLIOCANTO EM CHAPA DE AÇO 9MM, MED. 135X180X95MM.,0,6
96,9539,BLOCO AUTO-ADESIVO POST-IT 35X50MM. COLORIDO.,0,6
97,0430,BLOCO DE ENGATE RÁPIDO BARGOA.,0,6
98,0752,BLU-RAY GRAVÁVEL 25 GB, VEL. MÍNIMA 2X, EMB. INDIVIDUAL.,0,6
99,9097,BOBINA   P/ PLOTTER 914MM X 45M X 75G/M2 SULFITE BRANCO.,0,9
100,3027,BOBINA PAPEL P/ MAQUINA CALCULAR, 57 X 34m,0,9
101,3029,BOBINA PDV 76MM X 60MM X 35M, 1 VIA.,0,9
102,9638,BOLA  P/ FISIOTERAPIA 45 CM DIÂMETRO, CAP. 200 kG.,0,6
103,0496,BOLA  P/ TÊNIS DE MESA,0,6
104,6700,BOLA DE BORRACHA, COLORIDA, NR. 6,0,6
105,4360,BOLA OFICIAL P/ BASQUETE,0,6
106,4362,BOLA OFICIAL P/ FUTEBOL CAMPO,0,6
107,7345,BOLA OFICIAL P/ FUTEBOL SOCIETY,0,6
108,4363,BOLA OFICIAL P/ FUTSAL,0,6
109,6703,BOLA OFICIAL P/ HANDEBOL FEMININO,0,6
110,4364,BOLA OFICIAL P/ HANDEBOL MASCULINO.,0,6
111,4367,BOLA OFICIAL P/ VOLEIBOL,0,6
112,3660,BOLSA DE LIGACAO P/ VASO SANITARIO, CURT,0,6
113,6704,BOMBA C/ BICO MOVEL P/ BOLAS,0,6
114,7551,BOMBA MANUAL P/ GRAXA (ENGRAXADEIRA), 14 KG,0,6
115,0066,BOMBA P/ INFLAR BALÕES.,0,6
116,3033,BORRACHA BICOLOR P/ LAPIS-TINTA,0,6
117,3032,BORRACHA BRANCA P/ LAPIS E/OU GRAFITE.,0,6
118,3507,BORRACHA VERDE P/ DESENHO,0,6
119,7543,BOTA DE BORRACHA, BRANCA, NR. 40,0,29
120,7544,BOTA DE BORRACHA, BRANCA, NR. 41,0,29
121,7547,BOTA DE BORRACHA, BRANCA, NR. 43,0,29
122,6785,BOTA DE BORRACHA, PRETA, C/CURTO, NR. 40.,0,29
123,6786,BOTA DE BORRACHA, PRETA, C/CURTO, NR. 41,0,29
124,6787,BOTA DE BORRACHA, PRETA, C/CURTO, NR. 42,0,29
125,9270,BOTAS DE BORRACHA PRETA, CANO LONGO, Nº41.,0,29
126,3943,BROCA ACO RAPIDO 02,00 MM,0,6
127,3944,BROCA ACO RAPIDO 02,50 MM,0,6
128,3949,BROCA ACO RAPIDO 05,00 MM,0,6
129,3950,BROCA ACO RAPIDO 05,50 MM,0,6
130,3952,BROCA ACO RAPIDO 06,50 MM,0,6
131,3953,BROCA ACO RAPIDO 07,00 MM,0,6
132,3954,BROCA ACO RAPIDO 07,50 MM,0,6
133,3955,BROCA ACO RAPIDO 08,00 MM,0,6
134,3958,BROCA ACO RAPIDO 09,50 MM,0,6
135,6416,BROCA ACO RAPIDO 1.05 MM,0,6
136,3959,BROCA ACO RAPIDO 10,00 MM,0,6
137,3960,BROCA ACO RAPIDO 11,00 MM,0,6
138,3961,BROCA ACO RAPIDO 12,00 MM,0,6
139,0864,"BROCA CHATA MADEIRA 1/2"", 125MM.",0,6
140,6788,"BROCA CHATA MADEIRA 1/2"", 157MM",0,6
141,6790,"BROCA CHATA MADEIRA, 1"".",0,6
142,6789,"BROCA CHATA MADEIRA, 3/4"", 157MM",0,6
143,9276,BROCA CHATA P/ MADEIRA 5/8, 157MM UNIDADE,0,6
144,6418,BROCA DE VIDEA, EXTRA-LONGA, 08MM,0,6
145,6419,BROCA DE VIDEA, EXTRA-LONGA, 10MM,0,6
146,6420,BROCA DE VIDEA, EXTRA-LONGA, 12MM,0,6
147,3962,BROCA DE VIDEA, MEDIA, 04 MM,0,6
148,3966,BROCA DE VIDEA, MEDIA, 12MM.,0,6
149,0088,BROCA P/CONCRETO,HASTE PARALELA, TAM. MÉDIO, 10MM.,0,6
150,0089,BROCA P/CONCRETO,HASTE PARALELA, TAM. MÉDIO, 12MM.,0,6
151,0086,BROCA P/CONCRETO,HASTE PARALELA, TAM. MÉDIO, 5MM,0,6
152,0087,BROCA P/CONCRETO,HASTE PARALELA, TAM. MÉDIO, 7MM.,0,6
153,3811,BROXA P/ PINTURA, TM. GRANDE,0,6
154,3810,BROXA P/ PINTURA, TM. MÉDIO,0,6
155,7357,"BUCHA P/ ELETRODUTOS, ROSA BSP, 1/2""",0,6
156,6744,"BUCHA P/ ELETRODUTOS, ROSCA BSP, 1""",0,6
157,6743,"BUCHA P/ ELETRODUTOS, ROSCA BSP, 3/4""",0,6
158,3774,BUCHA PLASTICA C/ PARAFUSO, S-10,0,6
159,7199,BUCHA PLASTICA C/ PARAFUSO, S-10,0,6
160,3775,BUCHA PLASTICA C/ PARAFUSO, S-12,0,6
161,3772,BUCHA PLASTICA C/ PARAFUSO, S-6,0,6
162,8971,BUCHA PLASTICA SEM PARAFUSO S-6.,0,6
163,6982,"BUCHA REDUCAO ELETRODUTOS, 1"" X 3/4"" ALU",0,6
164,6725,BUCHA REDUCAO GALVANIZADA 1 1/4 x 1,0,6
165,3980,BUCHA REDUCAO HIDRO EXCENTRICA 100 X 75M,0,6
166,3976,BUCHA REDUCAO HIDRO SOLD., 40 X 25MM,0,6
167,3975,BUCHA REDUCAO HIDRO SOLD., 60 X 32MM,0,6
168,0094,"BUCHA REDUÇÃO DE FERRO GALVANIZADO 1 1/2"" X 1 1/4"".",0,6
169,0093,"BUCHA REDUÇÃO DE FERRO GALVANIZADO 2 X 1 1/2"".",0,6
170,7464,BUCHA REDUÇÃO HIDRO SOLD. 40 X32,0,6
171,7466,BUCHA REDUÇÃO HIDRO SOLD. 50X40,0,6
172,9312,BUCHA REDUÇÃO HIDRO SOLD. 85 X 75,0,6
173,7465,BUCHA REDUÇÃO HIDRO SOLD.,  32X25 MM.,0,6
174,9310,BUCHA REDUÇÃO HIDRO. 75 X 60,0,6
175,0391,BUCHA REDUÇÃO HIDRO., 25 X 20 MM.,0,6
176,9719,BUCHA S8, S/ PARAFUSO,0,6
177,0090,BUCHA UNIVERSAL UX 6 MM, P/ GESSO ACARTONADO.,0,6
178,0091,BUCHA UNIVERSAL UX 8 MM, P/ GESSO ACARTONADO.,0,6
179,0092,BUCHA UNIVERSAL UX10 MM, P/ GESSO ACARTONADO.,0,6
180,0856,CABO ADAPTADOR ACTIVE MINIDISPLAY PORT PARA DVI.,0,6
181,5432,CABO ADAPTADOR DE USB P/ PARALELA (IMPRESSORA),0,6
182,0854,CABO DVI.,0,6
183,8305,"CABO EXTENSOR  USB 2.0 TIPO ""A"" MACHO/FÊMEA C/ 3 M.",0,6
184,8306,"CABO EXTENSOR USB TIPO ""A""  MACHO/FÊMEA, USB 2.0. C/ 1,8 M.",0,6
185,0859,CABO HDMI 1.4 C/ 3,0 METROS.,0,6
186,6791,CABO P/ ENXADA, OLHAL REDONDO,0,6
187,3977,CABO P/ ROLO DE PINTURA 23CM (GARFO),0,6
188,0523,CABO PARA TELEFONE, USO INTERNO, PAR, CCI 50.01, COR CINZA.,0,16
189,7505,CABO USB AM/BM, 180CM.,0,6
190,4011,CADEADO DE CILINDRO, 20MM, C/ CHAVES,0,6
191,4012,CADEADO DE CILINDRO, 25MM, C/ CHAVES,0,6
192,4013,CADEADO DE CILINDRO, 30MM, C/ CHAVES,0,6
193,6793,CADEADO DE CILINDRO, 35MM, C/ CHAVES,0,6
194,4014,CADEADO DE CILINDRO, 40MM, C/ CHAVES,0,6
195,4015,CADEADO DE CILINDRO, 50MM, C/ CHAVES,0,6
196,7333,CADERNO C/ PAUTA MUSICAL, 80 FOLHAS.,0,6
197,3034,CADERNO P/ DESENHO, TAM. A-4,0,6
198,3036,CADERNO PAUTADO ESPIRAL,  48 FLS, PEQUENO,0,6
199,3041,CADERNO PAUTADO ESPIRAL, 150 FLS, GRANDE,0,6
200,3043,CADERNO PAUTADO ESPIRAL, 200 FLS, GRANDE,0,6
201,3039,CADERNO PAUTADO ESPIRAL, 96 FLS, GRANDE,0,6
202,3037,CADERNO PAUTADO ESPIRAL, 96 FLS, PEQUENO,0,6
203,0929,CAIBRO DE CEDRINHO 5CM X 7CM X 3,0M.,0,6
204,0639,CAIBRO DE CEDRINHO 5CM X 7CM X 3,50M.,0,6
205,1024,CAIBRO DE CEDRINHO 8CM X 8CM X 2,50M.,0,6
206,0944,CAIBRO DE CEDRINHO 8CM X 8CM X 2,80M.,0,6
207,0932,CAIBRO DE CEDRINHO 8CM X 8CM X 3,00M.,0,6
208,0933,CAIBRO DE CEDRINHO 8CM X 8CM X 3,50M.,0,6
209,0942,CAIBRO DE CEDRINHO 8CM X 8CM X 4.50M.,0,6
210,0940,CAIBRO DE CEDRINHO 8CM X 8CM X 5,40M.,0,6
211,0926,CAIBRO DE CEDRINHO 8CM X 8CM X 5.00M.,0,6
212,0925,CAIBRO DE CEDRINHO 8CM X 8CM X 5.50M,0,6
213,0927,CAIBRO DE CEDRINHO 8CM X 8CM X 6,00M.,0,6
214,0941,CAIBRO DE CEDRINHO 8CM X 8CM X 6,50M.,0,6
215,9547,CAIXA BIBLIOGRAFICA PORTA REVISTAS, 29X22X7CM, PRETA.,0,6
216,3702,CAIXA DESCARGA, EXTERNA, PLASTICA,0,6
217,9548,CAIXA MALETA PRIMEIROS SOCORROS, T. GRANDE.,0,6
218,4917,CAIXA PLASTICA SOBREPOR 1 DISJUNTOR,0,6
219,3664,CAIXA SIFONADA, PVC, 150 X 150 X 50,0,6
220,4733,CAIXA SIFONADA, PVC, 250 X 230 X 75MM,0,6
221,3047,CAIXA-ARQUIVO EM PAPELAO (ARQUIVO-MORTO),0,6
222,7524,CAIXA-ARQUIVO POLIONDA,  COR AZUL, TAM. 360x130x250MM,0,6
223,7528,CALCULADORA PORTÁTIL , EM PLÁSTICO, À PILHA.,0,6
224,4078,CALHA P/ FLUORESCENTE 20W, 2 LAMPADAS,0,6
225,1032,CALHA P/ FLUORESCENTE 40W, 1 LAMPADA,0,6
226,4079,CALHA P/ FLUORESCENTE 40W, 4 LAMPADAS,0,6
227,7558,CAMPAINHA DE EMBUTIR, TIPO CIGARRA, 220V.,0,6
228,1002,CANETA ESF. RECICLÁVEL, EM PAPELÃO, COR AZUL, C/ LOGO UFSM.,0,6
229,7952,CANETA ESFEROG. C/ TINTA EM GEL, COR AZUL,0,6
230,3052,CANETA ESFEROG. ESCRITA MEDIA, AZUL,0,6
231,3053,CANETA ESFEROG. ESCRITA MEDIA, PRETA,0,6
232,3055,CANETA ESFEROG. ESCRITA MEDIA, VERMELHA,0,6
233,8728,CANETA ESFEROGRAFICA, AZUL, C/ LOGO UFSM, CORPO BRANCO.,0,6
234,9347,CANETA ESFEROGRÁFICA, AZUL, C/ LOGO UFSM, CORPO AZUL.,0,6
235,3056,CANETA HIDROGRAFICA AZUL,0,6
236,3057,CANETA HIDROGRAFICA PRETA,0,6
237,3058,CANETA HIDROGRAFICA VERDE,0,6
238,3059,CANETA HIDROGRAFICA VERMELHA,0,6
239,0077,CANETA P/ NANKIN 0,4 MM.,0,6
240,6219,CANETAS P/ TRANSPARENCIA E CD,  CJ. 6 CORES,0,10
241,6257,CANO LIGACAO P/ VASO SANITARIO, CURVA LONGA,0,6
242,6323,CANOPLA PLASTICA CAIXA DESCARGA PRECISA,0,6
243,6407,CAPA P/ ENCADERNACAO, AZUL,0,28
244,6406,CAPA P/ ENCADERNACAO, TRANSPARENTE,0,28
245,7797,CAPA P/ ENCADERNAÇÃO, PRETA,0,28
246,0281,CAPA P/ PROTEÇÃO DE BAMBONA DE ÁGUA MINERAL.,0,6
247,6794,CAPACETE P/ OBRA, C/ CARNEIRA, BRANCO,0,6
248,3082,CARTAO-CARTAZ, FOSCO, AMARELO,0,28
249,3083,CARTAO-CARTAZ, FOSCO, AZUL,0,28
250,3084,CARTAO-CARTAZ, FOSCO, BRANCO,0,28
251,3085,CARTAO-CARTAZ, FOSCO, LARANJA,0,28
252,3086,CARTAO-CARTAZ, FOSCO, MARROM,0,28
253,3087,CARTAO-CARTAZ, FOSCO, PALHA,0,28
254,3088,CARTAO-CARTAZ, FOSCO, PRETO,0,28
255,3089,CARTAO-CARTAZ, FOSCO, ROSA,0,28
256,3090,CARTAO-CARTAZ, FOSCO, VERDE,0,28
257,3091,CARTAO-CARTAZ, FOSCO, VERMELHO,0,28
258,3092,CARTOLINA SIMPLES, 55 X 73, AMARELA,0,28
259,3095,CARTOLINA SIMPLES, 55 X 73, AMARELO OURO.,0,28
260,3093,CARTOLINA SIMPLES, 55 X 73, AZUL,0,28
261,3094,CARTOLINA SIMPLES, 55 X 73, BRANCA,0,28
262,3096,CARTOLINA SIMPLES, 55 X 73, PALHA,0,28
263,3097,CARTOLINA SIMPLES, 55 X 73, PRETA,0,28
264,3098,CARTOLINA SIMPLES, 55 X 73, ROSA,0,28
265,3099,CARTOLINA SIMPLES, 55 X 73, VERDE,0,28
266,3100,CARTOLINA SIMPLES, 55 X 73, VERMELHA,0,28
267,0852,CARTUCHO CIANO HP 9731, REF. 645 A, IMPRESSORA HP 5550.,0,6
268,7347,CARTUCHO COLOR HP 1200C/1600C, AMARELO, REF. 51640-Y,0,6
269,7325,CARTUCHO COLOR HP 840C/843C, C6625A,0,6
270,6253,CARTUCHO COLOR HP SERIE 600, (TODA A SÉRIE), REF. 51649-N,0,6
271,8692,CARTUCHO COLOR IMPRESSORA HP MULTIFUNC. 1210, REF. C6657A,0,6
272,6501,CARTUCHO COLOR LEXMARK 150C/4077/2050 E IBM 4049 REF.13619HC,0,6
273,0669,CARTUCHO COLOR P/ HP OFFICEJET J4660, 901, REF. CC656AB.,0,6
274,9082,CARTUCHO COMPATIVEL HP 51645G, COR PRETO.,0,6
275,0522,CARTUCHO COMPATÍVEL, HP C8728, COLORIDO.,0,6
276,9527,CARTUCHO DE TINTA DESK JET HP C8766WL - 95 COLOR- ORIGINAL.,0,6
277,9529,CARTUCHO DE TINTA DESK JET HP C8767W (96), COR PRETO.,0,6
278,9528,CARTUCHO DE TINTA DESK JET HP C9363W (97), COLORIDO.,0,6
279,9531,CARTUCHO DE TINTA DESK JET HP CC644W (60XL), COLORIDO.,0,6
280,8849,CARTUCHO DE TINTA IMP. HP 1200C/1600C, REF. 51640-A, PRETO,0,6
281,0518,CARTUCHO DE TONER, COMPATÍVEL, HP CB541A, AZUL.,0,6
282,0521,CARTUCHO DE TONER, COMPATÍVEL, HP CB542A, AMARELO.,0,6
283,0516,CARTUCHO DE TONER, COMPATÍVEL, HP CC531A.,0,6
284,9480,CARTUCHO HP 2280TN, HP 1200WN, COR AMARELO, REF. C4838-A.,0,6
285,9481,CARTUCHO HP 2280TN, HP 1200WN, COR CYANO, REF. C4836-A.,0,6
286,9482,CARTUCHO HP 2280TN, HP 1200WN, COR MAGENTA, REF. C4837-A.,0,6
287,9909,CARTUCHO HP OFF. JET 6000, 920XL, AMARELO, REF. CD974AL.,0,6
288,9908,CARTUCHO HP OFF. JET 6000, 920XL, CIANO, REF. CD972AL.,0,6
289,9907,CARTUCHO HP OFF. JET 6000, 920XL, MAGENTA, REF. CD973AL.,0,6
290,9906,CARTUCHO HP OFF. JET 6000/E609A, 920XL, PRETO, REF. CD975AL.,0,6
291,8286,CARTUCHO PARA IMPRESSORA LASER MARCA HP REF. C1807A.,0,6
292,7206,CARTUCHO PLOTTER HP,  AMARELO, C1809-A,0,6
293,7204,CARTUCHO PLOTTER HP,  CYAN, C1807-A,0,6
294,7205,CARTUCHO PLOTTER HP,  MAGENTA,C-1808A,0,6
295,7203,CARTUCHO PLOTTER HP,  PRETO, C1806-A,0,6
296,7774,CARTUCHO PRETO HP 1100/2200/2300/2600, REF. C4844-A (69ml),0,6
297,7323,CARTUCHO PRETO HP 610/640-C, REF. C6614-N,0,6
298,6397,CARTUCHO PRETO HP 720,S-800, 930, 970, 51645-A (MENOS 840),0,6
299,8694,CARTUCHO PRETO HP MULTIFUNC. 1210, REF. C6656A,0,6
300,7628,CARTUCHO PRETO HP OFFICE-JET D-135, REF.C5011A,0,6
301,6252,CARTUCHO PRETO HP SERIE 600, (MENOS 610 E 640), 51629,0,6
302,0714,CARTUCHO RECICLADO PRETO HP LASERJET 3600, REF. Q6470A,0,6
303,0983,CARTUCHO RECICLAVEL SAMSUND D-103.,0,6
304,0981,CARTUCHO RECICLAVEL, LEXMARK X264-DN.,0,6
305,8701,CARTUCHO TONER  COMPATIVEL, CP 2025 DN, REF. CC530A - PRETO,0,6
306,0715,CARTUCHO TONER  RECICLADO,PRETO HP, REF. Q5949X.,0,6
307,8074,CARTUCHO TONER AMARELO HP LASERJET 2550, REF. Q3962A,0,6
308,8073,CARTUCHO TONER CIANO HP LASERJET 2550, REF. Q3961 - A,0,6
309,8078,CARTUCHO TONER CIANO HP LASERJET 3600, REF. Q6471A,0,6
310,1058,CARTUCHO TONER COLOR ATÉ 150GR.,0,6
311,7984,CARTUCHO TONER COMPATÍVEL LASER JET 8150 PCL6, REF.C4182-X.,0,6
312,0526,CARTUCHO TONER COMPATÍVEL P/ IMPR. HP 2420, REF. 6511-X.,0,6
313,0525,CARTUCHO TONER COMPATÍVEL P/ IMPR. SAMSUNG SCX4521/1610.,0,6
314,8805,CARTUCHO TONER CYAN CB381A P/ IMPRESSORA HP 6015.,0,6
315,0893,CARTUCHO TONER HP 05A, REF. CE505A.,0,6
316,7193,CARTUCHO TONER HP 1100, C4092-A,0,6
317,6540,CARTUCHO TONER HP 1200/M.FUNC. HP 3380, REF. C7115-A,0,6
318,6559,CARTUCHO TONER HP 2200, C4096-A,0,6
319,7700,CARTUCHO TONER HP 2300, REF. Q2610 - A,0,6
320,6714,CARTUCHO TONER HP 4/4M, 92298-X.,0,6
321,7189,CARTUCHO TONER HP 4000/4050, C4127-X,0,6
322,6715,CARTUCHO TONER HP 4L/4P/4ML, 92274-A,0,6
323,6558,CARTUCHO TONER HP 4V/4MV,  REF. C3900-A,0,6
324,6716,CARTUCHO TONER HP 5P/5MP/6MP, C3903-A,0,6
325,7339,CARTUCHO TONER HP 5SGI/8000, C3909-A,0,6
326,8910,CARTUCHO TONER HP LASER 2600 REF. Q6000A - PRETO,0,6
327,8911,CARTUCHO TONER HP LASER 2600 REF. Q6001A - CYAN,0,6
328,8912,CARTUCHO TONER HP LASER 2600 REF.Q6002A - AMARELO,0,6
329,9472,CARTUCHO TONER HP LASER JET COLOR 1515N, CYANO, REF.CB541-A.,0,6
330,8702,CARTUCHO TONER HP LASER JET CP 2025DN, REF CC531A - CIANO,0,6
331,8703,CARTUCHO TONER HP LASER JET CP 2025DN, REF. CC532A - AMARELO,0,6
332,8704,CARTUCHO TONER HP LASER JET CP 2025DN, REF. CC533A - MAGENTA,0,6
333,8706,CARTUCHO TONER HP LASER JET DN9040, REF. C8543-X,0,6
334,8700,CARTUCHO TONER HP LASER JET M1120 MFP, REF. CB4364 (36A),0,6
335,7478,CARTUCHO TONER HP SERIE 5000, C4129-X,0,6
336,6415,CARTUCHO TONER IBM/LEXMARK, P/ 4037 5E,0,6
337,8296,CARTUCHO TONER IMPRES. LASER JET 2410/2430, REF. Q6511 - A,0,6
338,8295,CARTUCHO TONER IMPRESSORA HP LASER JET 2100, REF. C4096 - A,0,6
339,8291,CARTUCHO TONER IMPRESSORA LASER HP REF. Q6511- X,0,6
340,8297,CARTUCHO TONER IMPRESSORA LASER JET 2415DN, REF. Q7553 - A,0,6
341,0777,CARTUCHO TONER IMPRESSORA OKI, REF. B431D/B431DN.,0,6
342,8632,CARTUCHO TONER IMPRESSORA SAMSUNG ML 2551N, REF. 60450,0,6
343,8631,CARTUCHO TONER IMPRESSORA SAMSUNG ML 5000A, REF. SCX 4216 D3,0,6
344,9475,CARTUCHO TONER LASER HP 1300, COR PRETO, REF. Q2613-A.,0,6
345,9478,CARTUCHO TONER LASER HP P3005, COR PRETO, REF. Q7551-X.,0,6
346,7446,CARTUCHO TONER LEXMARK OPTRA M-410, 17G0152,0,6
347,8806,CARTUCHO TONER MAGENTA CB383A P/ IMPR. CP6015.,0,6
348,8075,CARTUCHO TONER MAGENTA HP LASERJET 2550, REF. Q3963 - A,0,6
349,8080,CARTUCHO TONER MAGENTA HP LASERJET 3600, REF. Q6473A,0,6
350,0398,CARTUCHO TONER OKIDATA, MODELO C-330N, COR AMARELO.,0,6
351,0396,CARTUCHO TONER OKIDATA, MODELO C-330N, COR CIANO.,0,6
352,0397,CARTUCHO TONER OKIDATA, MODELO C-330N, COR MAGENTA.,0,6
353,8279,CARTUCHO TONER PARA IMPRESSORA SAMSUNG SCX4521-F,0,6
354,8313,CARTUCHO TONER PHASER  6180  MOD.113R00725, AMARELO.,0,6
355,8312,CARTUCHO TONER PHASER 6180  MOD.113R00724 COR MAGENTA.,0,6
356,8310,CARTUCHO TONER PHASER 6180 MOD. 113R00726, PRETO,0,6
357,8311,CARTUCHO TONER PHASER 6180 MOD.113R00723 COR  CIANO.,0,6
358,8807,CARTUCHO TONER PRETO CB380A, P/ IMPR. HP 6015.,0,6
359,8072,CARTUCHO TONER PRETO HP LASERJET 2550, REF. Q3960 - A,0,6
360,8077,CARTUCHO TONER PRETO HP LASERJET 3600, REF. Q6470A,0,6
361,0865,CARTUCHO TONER PRETO LEXMARK, MOD. MX410/310/51X/61X.,0,6
362,0713,CARTUCHO TONER PRETO RECICLADO P/ HP 2600, REF. Q6000-A.,0,6
363,8850,CARTUCHO TONER PRETO XEROX PHASER 3124 e 312, REF. 106R01159,0,6
364,0385,CARTUCHO TONER RECICLADO IMP HP  REF CB540A  PRETO,0,6
365,7839,CARTUCHO TONER RECICLADO P/ HP 1100, REF. C4092-A,0,6
366,7840,CARTUCHO TONER RECICLADO P/ HP 1200, REF. C7115-A,0,6
367,7848,CARTUCHO TONER RECICLADO P/ HP SÉRIE 5000, REF. C4129-X,0,6
368,0226,CARTUCHO TONER RECICLADO P/ HP,  REF. 505-A.,0,6
369,0224,CARTUCHO TONER RECICLADO P/ HP, CYANO,  REF. CB541-A.,0,6
370,0204,CARTUCHO TONER RECICLADO P/ HP, MOD. CB436-A.,0,6
371,0360,CARTUCHO TONER RECICLADO P/ HP, MOD. CC 533-A.,0,5
372,0363,CARTUCHO TONER RECICLADO P/ HP, MOD. CC530-A.,0,6
373,0359,CARTUCHO TONER RECICLADO P/ HP, MOD. CC532-A.,0,6
374,0362,CARTUCHO TONER RECICLADO P/ HP, MOD. Q3960-A.,0,6
375,7850,CARTUCHO TONER RECICLADO P/ IBM NW 24, REF. 63H5721,0,6
376,0733,CARTUCHO TONER RECICLADO, BROTHER, PRETO, REF. TN420.,0,6
377,0728,CARTUCHO TONER RECICLADO, HP  2550, REF. Q3961A, AZUL.,0,6
378,0727,CARTUCHO TONER RECICLADO, HP  2550, REF. Q3962A, AMARELO.,0,6
379,0721,CARTUCHO TONER RECICLADO, HP  2600 REF. Q6001A - AZUL.,0,6
380,0719,CARTUCHO TONER RECICLADO, HP  2600 REF. Q6002A - AMARELO.,0,6
381,0722,CARTUCHO TONER RECICLADO, HP  3600 REF. Q6471-A - AZUL.,0,6
382,0720,CARTUCHO TONER RECICLADO, HP  3600 REF. Q6472 - AMARELO.,0,6
383,0724,CARTUCHO TONER RECICLADO, HP  REF. Q671 - AZUL.,0,6
384,0723,CARTUCHO TONER RECICLADO, HP  REF. Q672 - AMARELO,0,6
385,0726,CARTUCHO TONER RECICLADO, HP 3700  REF. Q2681 - AZUL.,0,6
386,0725,CARTUCHO TONER RECICLADO, HP 3700  REF. Q2682 - AMARELO.,0,6
387,0730,CARTUCHO TONER RECICLADO, HP, REF. CE321A, AZUL.,0,6
388,0717,CARTUCHO TONER RECICLADO, MAGENTA, HP  3600, REF. Q6473A,0,6
389,0716,CARTUCHO TONER RECICLADO, PRETO HP, REF. C6511-A.,0,6
390,0508,CARTUCHO TONER REMANUFATURADO, KYOCERA TK-142.,0,6
391,0401,CARTUCHO TONER SHARP MX M363N, COR PRETO.,0,6
392,7532,CARTUCHO TONER TRIUNFO/MITA DC 1415, FOTOCOPIADORA.,0,6
393,4155,CARTUCHO TONER TRIUNFO/MITA TM-111, FOTOCOPIADORA.,0,6
394,8623,CARTUCHO TONER XEROX LASER PHASER 3428DN, REF. 106R01246,0,6
395,8081,CARTUCHO TONER XEROX LASER PHASER 3500, REF. 106R01149,0,6
396,9900,CARTUCHO TONER XEROX PHASER 6280, AMARELO, REF.106R01390.,0,6
397,9898,CARTUCHO TONER XEROX PHASER 6280, CIANO, REF.106R01388.,0,6
398,9899,CARTUCHO TONER XEROX PHASER 6280, MAGENTA, REF.106R01389.,0,6
399,9901,CARTUCHO TONER XEROX PHASER 6280, PRETO, REF.106R01391.,0,6
400,8808,CARTUCHO TONER YELLOW CB382A, P/ IMPR. HP CP6015.,0,6
401,8079,CARTUCHO TONNER AMARELO HP LASERJET 3600, REF. Q6472A,0,6
402,0892,CARTUCHO TRICOLOR  IMPRESSORA HP F4480, MOD. HP60 CC643WB.,0,7
403,9479,CARTUJO LASER LEXMARK T642N, COR PRETO, REF. 64018HL.,0,6
404,7358,CAVADEIRA ARTICULADA, C/ CABO,0,6
405,0437,CÁPSULA PARA TELEFONE RECEPTOR DR 904 300R.,0,6
406,6718,CD-R VIRGEM, 700MB/80MIN, EMBALAGEM INDIVIDUAL.,0,6
407,6719,CD-R/W, (REGRAVAVEL), 700MB/80MIN, EMB. INDIVIDUAL.,0,6
408,0114,CENTRO DE DISTRIBUIÇÃO METALICO, 16 DISJ,0,6
409,7208,CENTRO DISTRIBUICAO METALICO, 06 DISJ.,0,6
410,7320,CENTRO DISTRIBUICAO METÁLICO, 16 DISJ.,0,6
411,0116,CENTRO DISTRIBUIÇÃO METALICO, 24 DISJ.,0,6
412,3519,CERA LIQUIDA,  AMARELA C/ 750 ML,0,12
413,9549,CERA LIQUIDA, COR VERMELHO, C/ 750 ML.,0,12
414,3505,CESTO PLASTICO P/ PAPEIS, TELADO,0,6
415,6954,CHAPA DURATEX, 2.75 X 1.22 X 0.03MM,0,26
416,3886,CHAPA EUCATEX POROSO, C/ 2.44 X 1.22 X 0.12,0,26
417,4842,CHAPA GALVANIZADA 20, 1.00 X 2.00 M.,0,26
418,4839,CHAPA GALVANIZADA 24, 1.00 X 2.00 M.,0,26
419,7212,CHAVE ALLEN, 5/64 - 1/4,0,15
420,6745,CHAVE BLINDADA  BIPOLAR 30A/250V,0,6
421,6746,CHAVE BLINDADA TRIPOLAR 30A/250V, C/ FUS,0,6
422,6749,CHAVE CONTATORA SIEMENS 3TF43 (15 CV),0,6
423,0407,"CHAVE DE FENDA 1/8 X 4"".",0,6
424,0406,"CHAVE DE FENDA 3/16 X 1 1/2"", TIPO TOCO.",0,6
425,7956,CHAVE DE FENDA COM PONTEIRAS (7 PEÇAS), COM IMÃ,0,10
426,6189,"CHAVE DE FENDA CRUZADA (PHILIPS), 1/4 X 6"".",0,6
427,6190,"CHAVE DE FENDA PHILIPS, 1/8 X 6"".",0,6
428,0403,"CHAVE DE FENDA PHILIPS, 3/16 X 1 1/2"", TIPO TOCO.",0,6
429,0404,"CHAVE DE FENDA PHILIPS, 3/16 X 10"".",0,6
430,0405,"CHAVE DE FENDA PHILIPS, 3/16 X 8"".",0,6
431,6112,"CHAVE DE FENDA SIMPLES 1/4 X 6""",0,6
432,6118,CHAVE DE FENDA SIMPLES 1/8 X 6,0,6
433,6795,"CHAVE DE FENDA SIMPLES, 1/4 X 8""",0,6
434,6188,CHAVE DE FENDA SIMPLES, 3/16 X 6,0,6
435,6796,"CHAVE DE FENDA SIMPLES, 3/8 X 10""",0,6
436,0117,CHAVE FUZIVEL DE DISTRIBUIÇÃO BASE C 15 Kv.,0,6
437,0419,"CHAVE INGLESA, MEDIDA 10"".",0,6
438,9371,CHAVE MARGIRUS 6 POLOS LIGA-LIGA 15 A -120 VCA,0,6
439,6580,CHAVE SELETORA COND.AR CONSUL,0,6
440,6579,CHAVE SELETORA COND.AR SPRINGER,0,6
441,6797,CHAVE-TESTE P/ ELETRICIDADE,0,6
442,0974,"CHAVES TORX TIPO ""L"" C/ FURO, CONJ. C/ 9 PEÇAS.",0,10
443,0432,CINTA PLÁSTICA MED. 15CM, C/ 100 PEÇAS.,0,7
444,0433,CINTA PLÁSTICA PEQ. 10 CM, C/ 100 PEÇAS.,0,7
445,0119,CINTO TIPO PARAQUEDISTA.,0,6
446,9745,CLIPS METÁLICO COLORIDO N.2 - CX .100 UN,0,4
447,3108,CLIPS NIQUELADO NR. 0, CX. 100 UN.,0,4
448,6529,CLIPS NIQUELADO NR. 00, CX. 500 GR.,0,4
449,3101,CLIPS NIQUELADO NR. 1, CX.100 UN.,0,4
450,3102,CLIPS NIQUELADO NR. 2, CX. 500 GR.,0,4
451,3109,CLIPS NIQUELADO NR. 3/0, CX. 50 UN.,0,4
452,6530,CLIPS NIQUELADO NR. 4/0, CX. 500 GR.,0,4
453,6531,CLIPS NIQUELADO NR. 6/0, CX. 500 GR.,0,4
454,6532,CLIPS NIQUELADO NR. 8/0, CX. 500 GR.,0,4
455,3114,COLA BRANCA ESCOLAR, TB. 40 GR.,0,20
456,3115,COLA BRANCA ESCOLAR, TB. 90 GR.,0,20
457,3116,COLA BRANCA VINILICA, MULTI-USO, 1 LITRO.,0,2
458,0553,COLA COLORIDA 23GR. C/ 6 CORES.,0,10
459,0554,COLA COLORIDA C/ GLITER  23GR. C/ 6 CORES.,0,10
460,6146,COLA EM BASTAO (GRANDE), BASTÃO COM 20 GRAMAS.,0,6
461,3113,COLA INSTANTANEA (BONDER),0,20
462,3118,COLCHETE LATONADO NRO.  5,0,4
463,3119,COLCHETE LATONADO NRO.  6,0,4
464,3120,COLCHETE LATONADO NRO.  7,0,4
465,3121,COLCHETE LATONADO NRO.  8,0,4
466,3122,COLCHETE LATONADO NRO.  9,0,4
467,3123,COLCHETE LATONADO NRO. 10,0,4
468,3117,COLCHETE LATONADO NRO. 11,0,4
469,3124,COLCHETE LATONADO NRO. 12,0,4
470,6705,COLCHONETE P/ GINASTICA 100 X 60 X 3.5 C,0,6
471,6800,"COLHER P/ PEDREIRO, RETA, 9""",0,6
472,0538,COLHER PLÁSTICA P/ SOBREMESA PCT. C/ 50 UNID.,0,7
473,6611,COLUNA BRANCA P/ LAVATORIO DECA C-10,0,6
474,7344,COMPENSADO PINHO 2,20X1,60X20MM, MULTILAMINADO,0,26
475,7211,COMPENSADO PINHO 2.20X1.60X18MM, SARRAFEADO,0,26
476,9756,COMPENSADO SARRAFEADO 18MM, 1,22 X 2,44 M.,0,26
477,7958,COMPENSADO VIROLA MULTILAMINADO, 2.20M X 1.60M X 15MM,0,26
478,7586,COMPRESSOR P/ CONDICIONADOR AR, 1 HP,0,6
479,6310,COMPRESSOR P/ CONDICIONADOR AR, 3/4 HP,0,6
480,6440,COMPRESSOR P/ FREEZER E DUPLEX, 1/4 HP,0,6
481,9159,"CONDULETE ALUM. ""TB"" 1 1/2"", S/ ROSCA C/ PARAF. ESP. CEGO.",0,6
482,9160,"CONDULETE ALUM. ""TB"" 1 1/4"", S/ ROSCA C/ PARAF. ESP. CEGO.",0,6
483,9161,"CONDULETE ALUM. ""TB"", 2"", S/ ROSCA C/ PARAF. ESP. CEGO.",0,6
484,9162,"CONDULETE ALUM. ""TB"", 3/4"", S/ ROSCA C/ PARAFUSO.",0,6
485,9164,"CONDULETE ALUM. ""X"", 1 1/2"", S/ ROSCA C/ PARAF. ESP. CEGO.",0,6
486,9165,"CONDULETE ALUM. ""X"", 1 1/4"", S/ ROSCA C/ PARAF. ESP. CEGO.",0,6
487,9163,"CONDULETE ALUM. ""X"", 1"", S/ ROSCA C/ PARAFUSO.",0,6
488,9166,"CONDULETE ALUM. ""X"", 2"", S/ ROSCA C/ PARAFUSO ESP. CEGO.",0,6
489,9158,"CONDULETE ALUM.""T"", 1 1/4"", S/ ROSCA C/ PARAF. ESP. CEGO.",0,6
490,8163,"CONDULETE ALUMINIO POLIDO  3/4"" C/4 TAMPÕES DE PVC.",0,6
491,7587,"CONDULETE ALUMINIO TIPO ""B"", 3/4""",0,6
492,9135,"CONDULETE ALUMINIO TIPO ""C"", 1 1/2"", S/ ROSCA C/ PARAF.",0,6
493,6357,"CONDULETE ALUMINIO TIPO ""C"", 3/4""",0,6
494,0200,"CONDULETE ALUMINIO TIPO ""ED"", 3/4"".",0,6
495,6518,"CONDULETE ALUMINIO TIPO ""L/L"", 1"".",0,6
496,6421,"CONDULETE ALUMINIO TIPO ""L/L"", 3/4""",0,6
497,6519,"CONDULETE ALUMINIO TIPO ""L/R"", 1"".",0,6
498,6360,"CONDULETE ALUMINIO TIPO ""L/R"", 3/4""",0,6
499,9155,"CONDULETE ALUMINIO TIPO ""L"", 1 1/4"", SEM ROSCA C/ PARAFUSO.",0,6
500,7588,"CONDULETE ALUMINIO TIPO ""LB"", 1""",0,6
501,7589,"CONDULETE ALUMINIO TIPO ""LB"", 3/4""",0,6
502,9139,"CONDULETE ALUMINIO TIPO ""LR"", 1 1/2"", SEM ROSCA.",0,6
503,9141,"CONDULETE ALUMINIO TIPO ""T"", 1 1/2"", SEM ROSCA C/ PARAFUSO.",0,6
504,6520,"CONDULETE ALUMINIO TIPO ""T"", 1"".",0,6
505,9142,"CONDULETE ALUMINIO TIPO ""T"", 2"", SEM ROSCA C/ PARAFUSO.",0,6
506,6359,"CONDULETE ALUMINIO TIPO ""T"", 3/4""",0,6
507,7590,"CONDULETE ALUMINIO TIPO ""X"", 3/4""",0,6
508,0286,"CONDULETE DE ALUMINIO, CAIXA MULTIBOX, 1 1/2"".",0,6
509,0285,"CONDULETE DE ALUMINIO, CAIXA MULTIBOX, 2"".",0,6
510,0109,"CONDULETE EM ALUMINIO ""L"" 3/4"".",0,6
511,0111,"CONDULETE EM ALUMINIO ""L"", 1"".",0,6
512,0112,"CONDULETE EM ALUMINIO ""X"", 1"".",0,6
513,0123,"CONDULETE EM ALUMINIO TIPO ""C"", BITOLA 1 1/4"" C/ TAMPÕES.",0,6
514,6669,CONE PLASTICO P/ SINALIZACAO, 75 CM, ZEBRADO AMARELO/PRETO,0,6
515,9122,"CONECTOR 1""  P/ CX. MULTIBOX EM ALUMINIO C/ROSCA LONGA",0,6
516,9120,"CONECTOR 1"" P/ CX. MULTIBOX EM ALUMINIO, C/ ROSCA CURTA",0,6
517,9234,CONECTOR CINZA TIPO I,0,6
518,0886,CONECTOR CUNHO TIPO 4 DE 04 A 6MM.,0,6
519,0157,CONECTOR CUNHO WCT 1-C, 35MM, DERIVAÇÃO 16/25MM.,0,6
520,0158,CONECTOR CUNHO WCT 2-G, 25MM, DERIVAÇÃO 10MM.,0,6
521,0159,CONECTOR CUNHO WCT 3-R, 25MM, DERIVAÇÃO 2,5/6MM.,0,6
522,0160,CONECTOR CUNHO WCT 4-B, 16MM, DERIVAÇÃO 1,5/4MM.,0,6
523,0161,CONECTOR CUNHO WCT 5-Y, 50MM, DERIVAÇÃO 50MM.,0,6
524,0164,CONECTOR CUNHO WCT 6-WB, 35/50MM, DERIVAÇÃO 16/35MM.,0,6
525,0165,CONECTOR CUNHO WCT 7-WR, 35/50MM, DERIVAÇÃO 16/35MM.,0,6
526,8164,CONECTOR DERIVAÇÃO PERF. CDP 10-70/ 1,5-10MM²,0,6
527,0156,CONECTOR DERIVAÇÃO PERF. CDP 16-120/4-35MM.,0,6
528,0155,CONECTOR DERIVAÇÃO PERF. CDP 16-150/4-35MM.,0,6
529,9237,CONECTOR DERIVAÇÃO PERF. CDP 16-95/4-35MM²,0,6
530,0154,CONECTOR DERIVAÇÃO PERF. CDP 6-95/1,5-6MM.,0,6
531,0505,"CONECTOR EM ALUMÍNIO P/ CAIXA BOX, C/ ROSCA, 1 1/2"".",0,6
532,0506,"CONECTOR EM ALUMÍNIO P/ CAIXA BOX, C/ ROSCA, 1 1/4"".",0,6
533,0504,"CONECTOR EM ALUMÍNIO P/ CAIXA BOX, C/ ROSCA, 2"".",0,6
534,9236,CONECTOR KARA 3 III, IV, V,0,6
535,0428,CONECTOR LINEAR 101E.,0,6
536,0426,CONECTOR RJ11 PARA TELEFONIA.,0,6
537,0427,CONECTOR RJ9 PARA TELEFONIA.,0,6
538,9238,CONECTOR TIPO CUNHA 50/35.,0,6
539,0787,CONECTOR TIPO CUNHA, T 4, 4MMM.,0,6
540,6614,CONJUNTO FIXACAO P/  LAVATORIO/COLUNA DECA,0,10
541,0674,CONJUNTO P/ JARDINAGEM C/ 3 FERRAMENTAS.,0,30
542,3293,CONTACT VULCAN, TRANSLUCIDO,0,16
543,9360,CONTATOR SIEMENS 220 V- MODELO 3RT1015,0,6
544,9361,CONTATOR SIEMENS 220V MODELO 3RT 1017,0,6
545,9507,COOLER EVERCOOL P4, SOQUETE LGA 775.,0,6
546,7975,COOLER P/ PROCESSADOR AMD ATHLON/DURON SOCKET A 462,0,6
547,4119,COPO DESCARTAVEL P/ AGUA, 200ML, C/100UN,0,27
548,6148,COPO DESCARTAVEL P/ CAFEZINHO,  50ML, C/ 100 UN.,0,27
549,9802,COPO DESCARTAVEL., CRISTAL, CAP.300ML, C/100 UN.,0,27
550,1055,COPO ECOLÓGICO, BIODEGRADÁVEL, CAP. 200ML, EMB. C/50 UNID.,0,25
551,1070,COPO ECOLÓGICO, BIODEGRADÁVEL, CAP. 330ML, EMB. C/100 UNID.,0,7
552,1056,COPO ECOLÓGICO, BIODEGRADÁVEL, CAP. 90ML, EMB. C/50 UNID.,0,25
553,9558,COPO PLÁSTICO ACRÍLICO  REUTILIZÁVEL, 300 ML- ECOLÓGICO,0,6
554,7591,CORDA DE NYLON, TORCIDA, 12MM.,0,16
555,7951,CORDA ELÁSTICA, 10MM.,0,16
556,7950,CORDA ELÁSTICA, 6MM.,0,16
557,0435,CORDÃO ENCERADO 0,5 MM, VERDE, C/ 100 GR.,0,19
558,0434,CORDÃO ENCERADO 1MM, VERDE, C/ 100 GR.,0,19
559,9463,CORREDIÇA TRILHA, TELESCÓPICA L, 300MM, USO EM CHAPA MDF.,0,6
560,9462,CORREDIÇA TRILHA, TELESCÓPICA L, 400MM, USO EM CHAPA MDF.,0,6
561,9460,CORREDIÇA TRILHA, TELESCÓPICA L, 500MM, USO EM CHAPA MDF.,0,6
562,0979,CORRENTE CROMADA, 6MM.,0,16
563,3125,CORRETIVO LIQUIDO A BASE D'AGUA,0,20
564,3128,CRACHA PLASTICO C/ PRESILHA FIXA,0,6
565,9559,CREMEIRA PLÁSTICA, CAPACIDADE 300 ML.,0,6
566,7360,CRUZETA PVC MARROM SOLD.,  25MM,0,6
567,7361,CRUZETA PVC MARROM SOLD., 32MM,0,6
568,7959,CUBA DE SOBREPOR, MODELO OVAL, UNIVERSAL, BRANCA,0,6
569,9283,CUMEEIRA FIBROCIMENTO, 6MM, 10°.,0,6
570,3837,CUMEEIRA FIBROCIMENTO, 6MM, 15°.,0,6
571,9284,CUMEEIRA FIBROCIMENTO, 6MM, 20°.,0,6
572,0103,CURVA LONGA PVC BRANCO SOLD., 100 MM 45°.,0,6
573,0104,CURVA LONGA PVC BRANCO SOLD., 40MM 45°.,0,6
574,0105,CURVA LONGA PVC BRANCO SOLD., 50 MM 45°.,0,6
575,0106,CURVA LONGA PVC BRANCO SOLD., 75MM, 45°.,0,6
576,0102,CURVA LONGA PVC MARROM,  75MM .,0,6
577,6498,"CURVA P/ ELETRODUTO PVC, 1/2""",0,6
578,3641,CURVA PVC BRANCO SOLD., 100MM, 90°,0,6
579,3642,CURVA PVC BRANCO SOLD., 40 MM 90°,0,6
580,3637,CURVA PVC BRANCO SOLD., 40MM 45°.,0,6
581,3638,CURVA PVC BRANCO SOLD., 50MM, 90°,0,6
582,3640,CURVA PVC BRANCO SOLD., 75MM, 90°.,0,6
583,3639,CURVA PVC MARROM ,  60MM 90°,0,6
584,0201,CURVA PVC MARROM , 40 MM 45°.,0,6
585,7433,CURVA PVC MARROM , 40 MM 90°,0,6
586,3597,CURVA PVC MARROM , 50MM 90°,0,6
587,3595,CURVA PVC MARROM, 25MM 90°,0,6
588,3596,CURVA PVC MARROM, 32MM 90°,0,6
589,9315,"CURVA PVC MARROM, 50MM 45°",0,6
590,9316,"CURVA PVC MARROM, 60MM 45°",0,6
591,9317,"CURVA PVC MARROM, 75MM 45°",0,6
592,7969,DATA-TAPE 4MM DDS-125, IMATION, 12/24 Gb,0,6
593,3527,DESENTUPIDOR DE BORRACHA P/ PIA,0,6
594,4625,DESINFETANTE SANITARIO PINHO, 500 ML.,0,20
595,7529,DESUMIDIFICADOR DE PAPEL, P/ 750 FLS, METAL, 220V,0,6
596,3533,DETERGENTE  BIODEGRADÁVEL,C/ 500 ML,0,6
597,9596,DETERGENTE LÍQUIDO BIODEGRADÁVEL, 1000 ML - ECOLÓGICO.,0,12
598,0323,DIÁRIO DE LABORATÓRIO - NIT.,0,6
599,0829,"DISCO DE DESBASTE ABAULADO 115mm X 1/2"". GRÃO MÉDIO.",0,6
600,9519,DISCO RÍGIDO 160 GB, CONEXAO IDE, 7.200 RPM.,0,6
601,8171,DISJUNTOR MONOPOLAR  TIPO UL CURVA C P/ 15A-3KA,0,6
602,9128,DISJUNTOR MONOPOLAR TIPO DIN CURVA C P/ 16A-3KA.,0,6
603,8168,DISJUNTOR MONOPOLAR TIPO DIN CURVA C P/ 20A - 3kA,0,6
604,8169,DISJUNTOR MONOPOLAR TIPO DIN CURVA C P/ 25A-3KA,0,6
605,8170,DISJUNTOR MONOPOLAR TIPO DIN CURVA C P/ 32A - 3KA,0,6
606,9191,DISJUNTOR MONOPOLAR TIPO DIN CURVA C P/ 40A - 3kA.,0,6
607,9143,DISJUNTOR MONOPOLAR TIPO UL CURVA C P/ 20A-3KA,0,6
608,8173,DISJUNTOR MONOPOLAR TIPO UL CURVA C P/ 25A-3KA,0,6
609,8174,DISJUNTOR MONOPOLAR TIPO UL CURVA C P/ 30A-3KA,0,6
610,4052,DISJUNTOR T-MAG., MONOF., 15A, 220V.,0,6
611,4053,DISJUNTOR T-MAG., MONOF., 20A, 220V.,0,6
612,4054,DISJUNTOR T-MAG., MONOF., 25A, 220V.,0,6
613,4055,DISJUNTOR T-MAG., MONOF., 30A., 220V.,0,6
614,6149,DISJUNTOR T-MAG., MONOF., 40A, 220V,0,6
615,7441,DISJUNTOR T-MAG., MONOF., 50 A. 220V.,0,6
616,7569,DISJUNTOR T-MAG., TRIFAS., 40A, 220V,0,6
617,4057,DISJUNTOR T-MAG., TRIFAS., 50A, 220V.,0,6
618,4058,DISJUNTOR T-MAG., TRIFAS., 70A., 220V.,0,6
619,8175,DISJUNTOR TRIPOLAR  TIPO EUROPEU CURVA C P/ 10A-5KA,0,6
620,8189,DISJUNTOR TRIPOLAR CURVA C P/ 30A-5KA,0,6
621,8186,DISJUNTOR TRIPOLAR TIPO DIN CURVA C P/ 16A-5KA,0,6
622,9167,DISJUNTOR TRIPOLAR TIPO DIN CURVA C P/ 16A-5KA.,0,6
623,8187,DISJUNTOR TRIPOLAR TIPO DIN CURVA C P/ 20A-5KA,0,6
624,9168,DISJUNTOR TRIPOLAR TIPO DIN CURVA C P/ 20A-5KA.,0,6
625,8188,DISJUNTOR TRIPOLAR TIPO DIN CURVA C P/ 25A-5KA,0,6
626,9169,DISJUNTOR TRIPOLAR TIPO DIN CURVA C P/ 25A-5KA.,0,6
627,9170,DISJUNTOR TRIPOLAR TIPO DIN CURVA C P/ 32A-5KA.,0,6
628,9171,DISJUNTOR TRIPOLAR TIPO DIN CURVA C P/ 40A-5KA.,0,6
629,9172,DISJUNTOR TRIPOLAR TIPO DIN CURVA C P/ 50A-5KA.,0,6
630,8182,DISJUNTOR TRIPOLAR TIPO DIN CURVA C P/ 63A-5KA,0,6
631,8184,DISJUNTOR TRIPOLAR TIPO DIN CURVA C P/ 80A-5KA,0,6
632,8185,DISJUNTOR TRIPOLAR TIPO UL CURVA C P/ 100A-5KA,0,6
633,8190,DISJUNTOR TRIPOLAR TIPO UL CURVA C P/ 40A-5KA,0,6
634,8192,DISJUNTOR TRIPOLAR TIPO UL CURVA C P/ 70A-5KA,0,6
635,9593,DISPENSER COMBINADO P/ COPO DE ÁGUA E CAFÉ.,0,6
636,9591,DISPENSER P/ COPO DESCARTÁVEL DE ÁGUA 200ML.,0,6
637,9592,DISPENSER P/ COPO DESCARTÁVEL DE CAFÉ, 50ML.,0,6
638,3788,DOBRADICA CROMADA, PINO MOVEL, 2,5 POL.,0,6
639,3985,DOBRADICA CROMADA, PINO MOVEL, 2,5POL, KIT C/ 3UN, C/ PARAF.,0,6
640,3789,DOBRADICA CROMADA, PINO MOVEL, 3,0 POL.,0,6
641,3797,DOBRADICA CROMADA, PINO MOVEL, 3,5 POL.,0,6
642,3992,DOBRADICA CROMADA, PINO MOVEL, 4 POL.,0,6
643,3983,"DOBRADICA CROMADA, PINO MÓVEL, 2""",0,6
644,9490,"DOBRADICA EM ""R"" , 2,5"" PARA 3 PARAFUSOS, USO EM MDF.",0,6
645,3786,"DOBRADICA LATONADA PINO FIXO, 1 1/2""",0,6
646,3984,DOBRADICA LATONADA, PINO FIXO, 2 ,5 POL, P/ ARMARIO,0,6
647,3787,DOBRADICA LATONADA, PINO FIXO, 2,0 POL.,0,6
648,3990,DOBRADICA LATONADA, PINO FIXO, 3 POL, P/ ARMARIO,0,6
649,3791,DOBRADICA LATONADA, PINO FIXO, 4,0 POL.,0,6
650,3989,DOBRADICA LATONADA, PINO FIXO,2,5 POL.,0,6
651,3793,DOBRADICA LATONADA, PINO MOVEL, 1,5 POL.,0,6
652,3794,DOBRADICA LATONADA, PINO MOVEL, 2,0 POL.,0,6
653,3795,DOBRADICA LATONADA, PINO MOVEL, 2,5 POL.,0,6
654,3796,DOBRADICA LATONADA, PINO MOVEL, 3,0 POL.,0,6
655,6809,DOBRADICA TIPO CONGO, FERRO ZINCADO,0,29
656,0531,"DOBRADIÇA DE EMBUTIR, TIPO COPO, 2,5"".",0,6
657,7488,DRIVE CD-ROM,0,6
658,3433,"DRIVE P/ DISQUETES  3 1/2"", 1.44MB.",0,6
659,6542,DUCHA ELÉTRICA 5.400W, COMPLETA.,0,6
660,0751,DVD-R  DUAL LAYER, 8,5 GB, 8X. TUBO C/50 UNID.,0,20
661,7934,DVD-RW (REGRAVÁVEL), 120MIN/4.7Gb,0,6
662,0515,ELETRODO P/ SOLDA 1,6MM X 300MM. UNIDADE,0,4
663,4847,ELETRODO P/ SOLDA, AÇO-CARBONO E-6013, DIÂMETRO 2.0MM,0,1
664,4846,ELETRODO P/ SOLDA, AÇO-CARBONO E-6013, DIÂMETRO 2.5MM,0,1
665,6422,ELETRODUTO PVC RIGIDO, 1/2', 3 MTS.,0,24
666,6424,ELETRODUTO PVC RIGIDO, 1', 3 MTS.,0,24
667,7222,ELETRODUTO ZINCADO, 1/2'', 3 METROS.,0,24
668,6755,"ELETRODUTO ZINCADO, 1"", 3 METROS.",0,24
669,9239,ELO FUSÍVEL DE AT 10K,0,6
670,9240,ELO FUSÍVEL DE AT 12K,0,6
671,9241,ELO FUSÍVEL DE AT 15K,0,6
672,9242,ELO FUSÍVEL DE AT 1K,0,6
673,9243,ELO FUSÍVEL DE AT 20K,0,6
674,9244,ELO FUSÍVEL DE AT 2K,0,6
675,9245,ELO FUSÍVEL DE AT 3K,0,6
676,9246,ELO FUSÍVEL DE AT 5K,0,6
677,9247,ELO FUSÍVEL DE AT 6K,0,6
678,9248,ELO FUSÍVEL DE AT 7K,0,6
679,9249,ELO FUSÍVEL DE AT 8K,0,6
680,3134,ENVELOPE BRANCO OFICIO (114MM X 229MM),0,6
681,6655,ENVELOPE BRANCO OFICIO C/ VISOR PLASTICO,0,6
682,7947,ENVELOPE P/ CD/DVD, BRANCO C/ VISOR, CAPAC 1 UN.,0,6
683,8645,ENVELOPE SACO, OURO, 37 X 45.,0,6
684,3135,ENVELOPE TIPO SACO, BRANCO, 17 X 25,0,6
685,3137,ENVELOPE TIPO SACO, BRANCO, TAM. 185MM X 248MM,0,6
686,0062,ENVELOPE TIPO SACO, KRAFT, 37 X 47.,0,6
687,3138,ENVELOPE TIPO SACO, OURO, 17 X 25,0,6
688,7525,ENVELOPE TIPO SACO, OURO, 24 X 34,0,6
689,3139,ENVELOPE TIPO SACO, OURO, 26 X 36,0,6
690,3140,ENVELOPE TIPO SACO, OURO, 28 X 20,0,6
691,3141,ENVELOPE TIPO SACO, OURO, 31 X 41,0,6
692,3142,ENVELOPE TIPO SACO, OURO, 37 X 47,0,6
693,7592,ENXADA COM CABO, GRANDE, LAMINA C/ 25CM,0,6
694,6810,ENXADA ESTREITA, C/ CABO,0,6
695,3535,ESCOVA DE CERDAS DE NYLON, USO GERAL.,0,6
696,3539,ESFREGÃO DE AÇO,0,6
697,3541,ESPANADOR DE PO, DE PENAS, NRO. 30,0,6
698,6873,"ESPATULA DE ACO, CABO PLASTICO, LAMINA 4""",0,6
699,7801,ESPIRAL PLASTICO P/ ENCADERNAÇÃO, 12MM, P/ ATÉ 70 PAG.,0,6
700,3540,ESPONJA DE AÇO, C/ 8 UN.,0,7
701,3542,ESPONJA DUPLA-FACE P/ LAVAR LOUÇA.,0,6
702,6721,ESTABILIZADOR/TRANSFORMADOR 220/110V 0.5KWA (NBR),0,6
703,8024,ESTABILIZADOR/TRANSFORMADOR P/IMPRESSORAS LASER 1,0 KVA.,0,6
704,6192,ESTILETE (FACA CARPETE) LAM. ESTREITA,0,6
705,6191,ESTILETE (FACA CARPETE) LAM. LARGA,0,6
706,3543,ESTOPA BRANCA ALGODAO,0,7
707,3153,ETIQUETA EM FORM. CONTINUO, 1 COL, 102X3,0,4
708,3436,ETIQUETA EM FORM. CONTINUO, 3 COL, 101.6 X 36.5,0,28
709,6147,ETIQUETA EM FORM. CONTINUO, 3 COL, 107 MM X 24 MM.,0,28
710,6300,ETIQUETA EM FORM.125MMx48,8MM, 1 CARR., CX. 3000, D.A.G.,0,4
711,3159,EXTRATOR DE GRAMPOS, TIPO ESPATULA,0,6
712,7321,FECHADURA DE SEGURANÇA.,0,6
713,3781,"FECHADURA P/ BANHEIRO C/ INSCRIÇÃO ""LIVRE"" OU ""OCUPADO""",0,6
714,3784,FECHADURA P/ BANHEIRO, C/ CHAVES,0,6
715,6949,FECHADURA QUADRUPLA PORTA EXTERNA,0,6
716,3782,FECHADURA TIPO  ALAVANCA,  P/ PORTA INTERNA COMPLETA.,0,6
717,6089,FELTRO P/ MURAL, 1.40 LARG, AZUL,,0,16
718,6547,FELTRO P/ MURAL, 1.40 LARG, VERDE,,0,16
719,0259,"FERRO ""T"" 1"" X 1"" X 1/8"" - BR C/ 6 MT.",0,24
720,0260,"FERRO ¹/2"" X ¹/2"" - BR C/ 6 M",0,24
721,0696,"FERRO CHATO 1/4"" X 1/8"" - BR C/ 6 MT",0,24
722,8862,"FERRO CHATO 1"" X 1/8"" - BR C/ 6 MT",0,24
723,8863,"FERRO CHATO 1"" X 3/6"" - BR C/ 6 MT",0,24
724,8864,"FERRO CHATO 5/8"" X 1/8"" - BR C/ 6 MT",0,24
725,8859,"FERRO L. 1 ¹/4"" X 1 ¹/4 X 1/8"" - BR C/ 6 MT",0,24
726,8860,"FERRO L. 1¹/4"" X 1 ¹/4"" X 3/16"" - BR C/ 6 MT",0,24
727,8861,"FERRO L. ³/4"" X ³/4"" X 1/8"" - BR C/ 6 MT",0,24
728,9486,FERRO P/ CONSTRUCAO 10 MM, 12 M.,0,24
729,9485,FERRO P/ CONSTRUCAO 8.0 MM, 12 M.,0,24
730,6171,FICHA PAUTADA BRANCA, 10 X 15, PCT. 100,0,7
731,6172,FICHA PAUTADA BRANCA, 13 X 20, PCT. 100,0,7
732,6237,FILME P/ FOTOS, CORES, 24 EXPOSICOES,0,19
733,6207,FILME P/ SLIDES, CORES, 24 EXP, ASA-100,0,19
734,7753,FILME PARA FAX, CAIXA COM 2 ROLOS DE 100M,0,4
735,7224,FILTRO DE LINHA 6 TOMADAS, 220V.,0,6
736,0186,FIO FLEXIVEL ISOLADO SEÇÃO 2,5 MM, COR AMARELO.,0,16
737,0182,FIO FLEXIVEL ISOLADO SEÇÃO 2,5 MM, COR BRANCO.,0,16
738,0185,FIO FLEXIVEL ISOLADO SEÇÃO 2,5 MM, COR VERDE.,0,16
739,0189,FIO FLEXÍVEL 1,5 MM, COR BRANCO.,0,16
740,0191,FIO FLEXÍVEL 1,5 MM, COR PRETO.,0,16
741,0190,FIO FLEXÍVEL 1,5 MM, COR VERDE.,0,16
742,0188,FIO FLEXÍVEL 1,5 MM, COR VERMELHO.,0,16
743,0193,FIO FLEXÍVEL 6,0 MM, COR BRANCO.,0,16
744,4124,FIO P/ TELEFONE, USO EXTERNO, FE100, PRETO,0,16
745,4122,FIO P/ TELEFONE, USO INTERNO, 2 X 22,0,16
746,4041,FIO PARALELO ISOLADO, NR. 12, SECAO 2,5M,0,16
747,4042,FIO PARALELO ISOLADO, NR. 14, COR BRANCO, SECAO 1,5MM.,0,16
748,7898,FIO PLASTCHUMBO, 2 X 1.5MM,0,16
749,4039,FIO RIGIDO 1.5 MM, COR PRETO.,0,16
750,8670,FIO RIGIDO 1.5MM, COR BRANCO.,0,16
751,4038,FIO RIGIDO 1.5MM, COR VERMELHO,0,16
752,6756,FIO RIGIDO 2.5MM, COR AMARELO,0,16
753,6757,FIO RIGIDO 2.5MM, COR AZUL,0,16
754,6758,FIO RIGIDO 2.5MM, COR BRANCO, FORNECIDO EM METRO LINEAR,0,16
755,6759,FIO RIGIDO 2.5MM, COR PRETO,0,16
756,6760,FIO RIGIDO 2.5MM, COR VERDE,0,16
757,6761,FIO RIGIDO 2.5MM, COR VERMELHO,0,16
758,6762,FIO RIGIDO 4.0MM, COR PRETO,0,16
759,6763,FIO RIGIDO 4.0MM, COR VERMELHO,0,16
760,4125,FITA ADESIVA (DUREX) RL. 12MM X 30M (PQN,0,19
761,4126,FITA ADESIVA (DUREX) RL. 12MM X 50M.,0,19
762,4127,FITA ADESIVA CREPE, RL 25MMX50MTS.,0,19
763,7225,FITA ADESIVA DUPLA-FACE, RL 12MM X 30M.,0,19
764,6675,FITA ADESIVA MAGICA 12X33, C/ APARELHO,0,19
765,7526,FITA ADESIVA MÁGICA, 19MM X 33M,0,19
766,7953,FITA ADESIVA P/ DEMARCAÇÃO DE PISOS, AMARELA, RL 48MM X 30M,0,19
767,4128,FITA ADESIVA P/ EMPACOTAMENTO,   MARROM, 25MM X 50M.,0,19
768,6067,FITA ADESIVA P/ EMPACOTAMENTO,  MARROM, 50MM X 50M,0,19
769,6408,FITA ADESIVA P/ EMPACOTAMENTO,  TRANSP, 50MM X 50M,0,19
770,7621,FITA CASSETE P/ MINI-GRAVADOR, CARTELA COM 3 FITAS,0,27
771,9468,FITA DE BORDA PVC, BEGE, 4 CM, USO EM MDF.,0,16
772,9465,FITA DE BORDA PVC, MARFIN, 2 CM, USO EM MDF.,0,16
773,9466,FITA DE BORDA PVC, PRETO, 2 CM, USO EM MDF.,0,16
774,9469,FITA DE BORDA PVC, PRETO, 4 CM, USO EM MDF.,0,16
775,6543,FITA ISOLANTE ALTA-FUSAO, 10M.,0,19
776,7754,FITA MINI-DV (USO EM FILMADORA DIGITAL), 60 MIN.,0,6
777,6400,FITA P/ FILMADORA, VHS-C, COMPACTA, T-30,0,6
778,7970,FITA P/ LIMPEZA DO CABEÇOTE EM UNIDADE DE DATA-TAPE,0,6
779,4131,FITA P/ VIDEO CASSETE, VHS, T-120,0,6
780,7622,FITA P/ VIDEO-CASSETE, SVHS, T-120,0,6
781,0390,FITA VEDA-ROSCA 18MM X 50M.,0,19
782,3620,FITA VEDA-ROSCA, 18MM X 25M,0,19
783,9263,FITA ZEBRADA PRETA/AMARELA,0,19
784,4088,FLECHA 2 PINOS, CINZA.,0,6
785,0147,FLECHA 2P + T COM PRENSA CABO, 10A. 220V.,0,6
786,0148,FLECHA 2P + T COM PRENSA CABO, 20A, 220V.,0,6
787,4090,FLECHA 3 PINOS P/ CONDICIONADOR DE AR,0,6
788,4092,FLECHA P/ TELEFONE PADRAO TELEBRAS,0,6
789,9116,"FLECHA PINOS REDONDOS E 3 SAIDAS (""T""), PADRÃO NOVO.",0,6
790,6821,FOICE MODELO ROCADEIRA, C/ CABO,0,6
791,0208,FONTE PARA COMPUTADOR LENOVO MT-M 8814-A22, 220W.,0,6
792,0392,FONTE PARA MICROCOMPUTADOR LENOVO MOD. 41A9665.,0,6
793,0394,FONTE PARA MICROCOMPUTADOR LENOVO MOD. 41N3429.,0,6
794,0395,FONTE PARA MICROCOMPUTADOR LENOVO MOD. 54Y8806.,0,6
795,0345,FORMICIDA GRANULADO, C/  50 GR.,0,25
796,6881,FORMICIDA GRANULADO, C/  500 GR.,0,25
797,3447,FORMULARIO CONTINUO  80 COL., 1 VIA,0,4
798,3448,FORMULARIO CONTINUO  80 COL., 2 VIAS, BR,0,4
799,3454,FORMULARIO CONTINUO 120 COL., USO DCF,0,4
800,3223,FORMULARIO UFSM - DIARIAS - BL. C/ 25 JO,0,23
801,8044,FORMULARIO UFSM - MOLDURA P/ DIPLOMA C/ BRASÃO.,0,28
802,3231,FORMULARIO UFSM - REQ. TRANSPORTE/PASSAG,0,23
803,3227,FORMULARIO UFSM - SOL. IMPRESSOS BLOCO C/5 FOLHAS.,0,23
804,4132,FOSFOROS DE SEGURANCA, PCT. C/10 CXS.,0,7
805,8199,FOTOCELULA PARA USO EXTERNO,0,6
806,4738,"FÓRMICA ""LOUSA ESCOLAR"", CHAPA 125X308CM, ACAB. FOSCO",0,26
807,3878,FÓRMICA BRANCA, CHAPA 122 X 305CM, ACAB. BRILHO,0,26
808,4840,FÓRMICA BRANCA, CHAPA 122 X 305CM, ACAB. FOSCO,0,26
809,7538,GABINETE P/ MICRO, MIDI-TORRE (4 BAIAS), C/ FONTE 450W,0,6
810,9587,GARFO PLÁSTICO P/ SOBREMESA, C/ 10 UNIDADES.,0,7
811,1021,GARFO PLÁSTICO P/ SOBREMESA, C/ 50 UNIDADES.,0,7
812,6042,GARRAFA TÉRMICA, 1 LT,0,6
813,9585,GARRAFA TÉRMICA, 12 LT.,0,6
814,9586,GARRAFA TÉRMICA, 5 LT.,0,6
815,9584,GARRAFA TÉRMICA, 8 LT.,0,6
816,4135,GAS LIQUEFEITO DE PETROLEO, P-13,0,6
817,4136,GAS LIQUEFEITO DE PETROLEO, P-20,0,6
818,4472,GIZ  DE CERA, CX 12 CORES.,0,4
819,7227,GIZ BRANCO, CX C/ 50 PALITOS,0,4
820,7228,GIZ COLORIDO, CX. C/ 50 PALITOS.,0,4
821,6239,GOMA ARABICA, TB. C/ 40 ML,0,20
822,6463,GRADE DA TAMPA PROJ. SLIDES IEC,0,6
823,7575,GRAFITE EM PÓ, COM BICO APLICADOR.,0,12
824,3241,"GRAFITE LAPISEIRA ""HB"", 0,5MM, MINAS C/ 12 GRAFITE",0,6
825,3240,"GRAFITE LAPISEIRA ""HB"", 0,7MM, MINAS C/ 12 GRAFITES",0,6
826,8303,GRAMPEADOR T.GRANDE ESMALTADO, CAP. 240FLS,0,6
827,3243,GRAMPO P/ GRAMPEADOR 23 X 13, CX. 1000 U,0,4
828,3242,GRAMPO P/ GRAMPEADOR 23 X 8,  CX. 1000 U,0,4
829,6502,GRAMPO P/ GRAMPEADOR 26 X 6,  CX. 1000 U,0,4
830,3244,GRAMPO P/ GRAMPEADOR 26 X 6,  CX. 5000 U,0,4
831,8009,GRAMPO P/ PASTA, POLIPROP. C/PRENDEDOR,FIXADOR, ALONGADOR,0,6
832,8010,GRAMPO P/PASTA, PLASTICO FLEX. RESISTENTE, CAP. 200FLS.,0,6
833,8011,GRAMPO P/PASTA, PLASTICO FLEX. RESISTENTE, CAP. 500FLS.,0,6
834,3245,GRAMPO TRANCADO GRANDE, TIPO CLIPS, CX.1,0,4
835,7496,GRAVADOR DE CD-R/RW COMBO LEITOR DVD,0,6
836,7935,GRAVADOR DE DVD, INTERNO, SATA.,0,6
837,7354,GRAVADOR DE DVD/CDRW, INTERNO, IDE.,0,6
838,4553,GUARDANAPO DE PAPEL, TM. GR, 50 FL,0,7
839,6515,HASTE DE ATERRAMENTO 19X2000MM,0,6
840,5010,HERBICIDA (GLIFOSATO), FRASCO 1000 ML.,0,12
841,6240,INDICE ALFABETICO P/ FICHARIO, 10 X 15CM,0,10
842,3246,INDICE ALFABETICO P/ FICHARIO, 15 X 20CM,0,6
843,6676,INDICE TELEFONICO, ALFABETICO, 13 X 21CM,0,6
844,4939,INSETICIDA K-OTHRINE, C/ 30ML.,0,6
845,4096,INTERRUPTOR EMB., 1 TECLA C/ TOMADA, PADRÃO ANTIGO.,0,10
846,9940,INTERRUPTOR EMB., 1 TECLA C/ TOMADA, PADRÃO NOVO.,0,6
847,4094,INTERRUPTOR EMB., 2 TECLAS, CJ PLACA/PAR,0,10
848,4095,INTERRUPTOR EMB., 3 TECLAS, CJ PLACA/PAR,0,10
849,5322,ISOPOR EM CHAPA DE 1M X 50CM X 15MM ESPESSURA,0,26
850,7229,ISQUEIRO A GAS,0,6
851,3655,JOELHO PVC BRANCO, 45°, 100 MM.,0,6
852,6732,JOELHO PVC BRANCO, 45°, 40MM,0,6
853,7468,JOELHO PVC BRANCO, 45°, 40MM,0,6
854,3650,JOELHO PVC BRANCO, 45°, 50MM,0,6
855,6636,JOELHO PVC BRANCO, 45°, 75MM,0,6
856,3647,JOELHO PVC BRANCO, 90°, 40MM,0,6
857,3649,JOELHO PVC BRANCO, 90°, 50MM,0,6
858,3651,JOELHO PVC BRANCO, 90°, 75MM,0,6
859,3652,JOELHO PVC MARROM SOLD/ROSCA, 25 X 1/2',0,6
860,7230,JOELHO PVC MARROM, 45°, 20MM,0,6
861,7231,JOELHO PVC MARROM, 45°, 25MM,0,6
862,7232,JOELHO PVC MARROM, 45°, 32MM,0,6
863,9320,JOELHO PVC MARROM, 45°, 40MM,0,6
864,7233,JOELHO PVC MARROM, 45°, 50MM,0,6
865,7234,JOELHO PVC MARROM, 45°, 60MM,0,6
866,9321,JOELHO PVC MARROM, 45°, 75MM,0,6
867,3603,JOELHO PVC MARROM, 90°, 25MM,0,6
868,3604,JOELHO PVC MARROM, 90°, 32MM,0,6
869,3648,JOELHO PVC MARROM, 90°, 40MM,0,6
870,3605,JOELHO PVC MARROM, 90°, 50MM,0,6
871,6258,JOELHO PVC MARROM, 90°, 60MM,0,6
872,3602,JOELHO PVC MARROM, 90°, 75MM,0,6
873,6326,JUNCAO SIMPLES PVC 100 X 75MM,0,6
874,6328,JUNCAO SIMPLES PVC SANI 75 X 50MM,0,6
875,6606,JUNTA FLEX. VALV. LAVATORIO, GROSSA, INF,0,6
876,8076,KIT DRUM HP LASERJET 2550, REF. Q3964A,0,6
877,8281,LACRE PARA MALOTE TIPO ESPINHA DE PEIXE,0,7
878,9250,LAÇO PRÉ-FORMADO P/ CABO ALUMINIO CAA#16MM²,0,6
879,9252,LAÇO PRÉ-FORMADO P/ CABO ALUMÍNIO CAA#50MM²,0,6
880,6193,LAMINA P/ ESTILETE, ESTREITA, C/ 10 UN,0,21
881,6194,LAMINA P/ ESTILETE, LARGA, C/ 10 UN,0,21
882,6829,LAMINA SERRA CIRCULAR 150X2.6X16, 36 DENTES,0,6
883,4001,LAMINA SERRA FLEX.  METAL,0,6
884,6834,LAMINA SERRA TICO-TICO, BOSCH, 75MM.,0,6
885,0125,LAMPADA FLUORESCENTE COMPACTA ESPIRAL 15W, VERDE,0,6
886,0126,LAMPADA FLUORESCENTE COMPACTA ESPIRAL 15W, VERMELHO,0,6
887,0127,LAMPADA FLUORESCENTE COMPACTA ESPIRAL 25W, AZUL,0,6
888,0128,LAMPADA FLUORESCENTE COMPACTA ESPIRAL 26W, AMARELO,0,6
889,4068,LAMPADA FLUORESCENTE TUBULAR 20W (PEQUENA),0,6
890,7456,LAMPADA FLUORESCENTE TUBULAR 32W (GRANDE),0,6
891,4069,LAMPADA FLUORESCENTE TUBULAR 40W (GRANDE),0,6
892,7261,LAMPADA GELADEIRA E/OU FOGÃO, 40W,0,6
893,4067,LAMPADA INCANDESCENTE, 200W,0,6
894,4925,LAMPADA MISTA, 160W,0,6
895,8207,LAMPADA MISTA, 250W,0,6
896,4163,LAMPADA P/ RETROPROJETOR,  FCS 24V/150W,0,6
897,4161,LAMPADA P/ RETROPROJETOR, 10540 VS/64540, 230V/650W,0,6
898,7625,LAMPADA P/ RETROPROJETOR, EHJ-24V/250W,0,6
899,7624,LAMPADA P/ RETROPROJETOR, EVD-36V/400W,0,6
900,7474,LAMPADA P/ RETROPROJETOR, FAD VS. 230V/650W,0,6
901,4029,LAMPADA VAPOR DE MERCURIO, 250W,0,6
902,8209,LAMPADA VAPOR DE SODIO, 150W,0,6
903,7577,LAMPADA VAPOR DE SÓDIO, 250W,0,6
904,7578,LAMPADA VAPOR DE SÓDIO, 400W,0,6
905,6767,LANTERNA PLASTICA P/ 2 PILHAS GRANDE,0,6
906,3249,LAPIS DE CERA, PEQUENO, CX. C/ 6 CORES,0,4
907,3250,LAPIS DE COR, GRANDE,  CX. C/ 12 CORES,0,4
908,4138,LAPIS GRAFITE, ESCOLAR,0,6
909,3253,LAPIS P/ CARPINTEIRO,0,6
910,8012,LAPISEIRA C/AMORTECEDOR, 0,5MM,0,6
911,3247,LAPISEIRA P/ GRAFITE, 0.7MM,0,6
912,3255,LAPISEIRA P/ GRAFITE, O.5MM,0,6
913,6627,LAVATORIO P/ BANHEIRO, BRANCO, DECA,0,6
914,6590,LAVATORIO PLASTICO COMPLETO, TAM. 485X39,0,6
915,1011,LÂMPADA DE LED, E27/A60, POTÊNCIA 10W.,0,6
916,4002,"LIMA CHATA 5""",0,6
917,4003,"LIMA CHATA 8""",0,6
918,4006,"LIMA TRIANGULAR 5""",0,6
919,4007,"LIMA TRIANGULAR 8""",0,6
920,3258,LIVRO ATA, CAPA-DURA, 100 FLS NUMERADAS,0,6
921,3261,LIVRO PROTOCOLO CORRESPONDENCIAS, 50FLS,0,6
922,7520,LIVRO PROTOCOLO-GERAL, UTILIZAÇÃO D.A.G./UFSM.,0,6
923,3262,LIVRO PROTOCOLO, 100 FLS NUMERADAS,0,6
924,6198,LIXA D'AGUA, EM FOLHAS, 240,0,28
925,6548,LIXA D'AGUA, EM FOLHAS, 320,0,28
926,3937,LIXA EM METRO, GRAO 100,0,16
927,7439,LIXA EM METRO, GRAO 220,0,16
928,6261,LIXA P/ MADEIRA, EM FOLHAS, NR. 060,0,28
929,3917,LIXA P/ MADEIRA, EM FOLHAS, NR. 080,0,28
930,3918,LIXA P/ MADEIRA, EM FOLHAS, NR. 100,0,28
931,3919,LIXA P/ MADEIRA, EM FOLHAS, NR. 120,0,28
932,3920,LIXA P/ MADEIRA, EM FOLHAS, NR. 150,0,28
933,3921,LIXA P/ MADEIRA, EM FOLHAS, NR. 180,0,28
934,0573,LIXA P/ MADEIRA, EM FOLHAS, NR. 220,0,28
935,0795,LIXEIRA COM PEDAL CAPACIDADE 15L.,0,6
936,3506,LIXEIRA PLÁSTICA P/ PIA, C/ TAMPA,0,6
937,0411,LONA EM POLIETILENO, MED. 6 X 4M.,0,6
938,6840,LONA PRETA AGRICULTOR, 200MICRA X 6M.,0,16
939,3551,LUSTRA MOVEIS,0,20
940,6769,"LUVA C/ ROSCA P/ ELETRODUTO GALV., 1""",0,6
941,6726,LUVA CORRER HIDRO C/ ANEL BORRACHA 25MM,0,6
942,7372,LUVA CORRER HIDRO C/ ANEL BORRACHA 40MM,0,6
943,6728,LUVA CORRER HIDRO C/ ANEL BORRACHA 50MM.,0,6
944,6730,LUVA CORRER PVC MARROM 75MM C/ ANEL DE BORRACHA.,0,6
945,7438,LUVA CORRER SANI C/ ANEL BORRACHA, 40MM,0,6
946,6087,LUVA DE BORRACHA S. GERAIS, TAM. EX-G.,0,29
947,6598,LUVA DE BORRACHA S. GERAIS, TAM. GR.,0,29
948,7263,LUVA DE BORRACHA S. GERAIS, TAM. M.,0,29
949,9326,LUVA DE COURO (PAR),0,29
950,0825,LUVA DE PROTEÇÃO EM ALGODÃO C/ PIGMENTOS EM PVC.,0,29
951,8211,"LUVA ELETRODUTO GALVANIZADA 1""",0,6
952,8212,"LUVA ELETRODUTO GALVANIZADA 3/4""",0,6
953,9330,"LUVA GALVANIZADA 1 1/2"".",0,6
954,9331,"LUVA GALVANIZADA 1 1/4"".",0,6
955,3999,"LUVA GALVANIZADA 1/2""",0,6
956,9328,"LUVA GALVANIZADA 2  1/2"".",0,6
957,9327,"LUVA GALVANIZADA 2"".",0,6
958,9329,"LUVA GALVANIZADA 3"".",0,6
959,6927,LUVA P/ PROCEDIMENTOS, EXTRA-PEQUENO, CX,0,4
960,6930,LUVA P/ PROCEDIMENTOS, GRANDE, CX. C/ 100,0,4
961,6929,LUVA P/ PROCEDIMENTOS, MEDIA, CX. C/ 100,0,4
962,6928,LUVA P/ PROCEDIMENTOS, PEQUENA, CX. 100,0,4
963,6634,"LUVA PVC AZUL C/ BUCHA LATAO, 25 X 3/4""",0,6
964,6639,LUVA PVC BRANCO SOLD., 100MM,0,6
965,6665,LUVA PVC BRANCO SOLD., 40MM,0,6
966,0844,LUVA PVC BRANCO SOLD., 75MM.,0,6
967,7377,LUVA PVC MARROM REDUCAO 75 X 60MM,0,6
968,3598,LUVA PVC MARROM SOLD., 20MM,0,6
969,3599,LUVA PVC MARROM SOLD., 25MM,0,6
970,3600,LUVA PVC MARROM SOLD., 32MM,0,6
971,7373,LUVA PVC MARROM SOLD., 40MM,0,6
972,3601,LUVA PVC MARROM SOLD., 50MM,0,6
973,6262,LUVA PVC MARROM SOLD., 60MM.,0,6
974,0152,LUVA PVC MARROM, SOLD., 85 MM.,0,6
975,6841,MACHADO GRANDE.,0,6
976,3669,MANGUEIRA FLEXIVEL P/ JARDIM,0,6
977,7967,MANGUEIRA P/ FOGÃO À GÁS,0,6
978,7876,MANTA ASFÁLTICA, 3MM, LAG 1M, ROLO C/ 10M.,0,19
979,1057,MARCADOR P/ QUADRO BRANCO RECARREGÁVEL, COR VERMELHO.,0,6
980,3277,MARCADOR P/ QUADRO BRANCO, VERDE,0,6
981,3278,MARCADOR P/ QUADRO BRANCO, VERMELHO,0,6
982,6847,MASCARA DESCART. P/ PO, CARBOGRAFITE,0,6
983,4478,MASSA DE MODELAR C/ 12 CORES,0,7
984,7542,MEMORIA DDR 256 MB,  400MHz.,0,6
985,7990,MEMORIA DDR 256MB, 333MHz, PC-2700.,0,6
986,8327,MEMORIA DDR2, 800 MHZ, 1 GB, 240 VIAS,0,6
987,7351,MEMORIA DIMM PC-100, 128MB,0,6
988,7503,MEMORIA DIMM PC-133,  256 MB.,0,6
989,7539,MEMORIA DIMM PC-133, 128 MB,0,6
990,1020,MEXEDOR  PLASTICO P/ CAFÉ, PCT C/ 100 UN.,0,7
991,9535,MEXEDOR  PLASTICO P/ CAFÉ, PCT C/ 500 UN.,0,7
992,9113,MICROFONE MULTI-MIDIA DE MESA.,0,6
993,7516,MICROFONE MULTIMIDIA C/ FONE DE OUVIDO,0,6
994,0672,MINI ENVELOPE, OURO 11,5 X 8 CM.,0,6
995,0336,MINI MOUSE ÓPTICO PARA NOTEBOOK.,0,6
996,7610,MINI-DISC RECORDABLE, CAP. 80 MIN.,0,6
997,7690,MOLDURA PLASTICA P/ SLIDES, CX C/ 200 UN,0,4
998,6224,MOLDURA PLASTICO P/ SLIDES, CX. C/ 50 UN,0,4
999,0792,MOP ÚMIDO DE ALGODÃO C/ CABO ROSQUEÁVEL.,0,6
1000,0793,MOP ÚMIDO DE ALGODÃO, REFIL S/ CABO.,0,6
1001,6467,MOTOR VENT. RETRO-PROJ. 3M,0,6
1002,6468,MOTOR VENT. RETRO-PROJ. VISOGRAF,0,6
1003,7671,MOUSE OPTICO, 2 BOTÕES + SCROLL, CONECTOR USB.,0,6
1004,9532,MOUSE PAD ERGONOMICO COM APOIO EM GEL.,0,6
1005,9502,MOUSE PAD, C/ LOGO DA UFSM.,0,6
1006,7328,MOUSE PADRAO PS/2, CONECTOR MINI-DIN (REDONDO).,0,6
1007,4139,NAFTALINA EM BOLAS, SC. C/ 30 UN.,0,18
1008,6848,NÍVEL DE ALUMÍNIO.,0,6
1009,7264,NORMÓGRAFO - LETRAS/NÚMEROS 10 A 30MM,0,6
1010,0651,OLEO LUB. MOTOR GASOL/ALCOOL 15W40,L.,0,2
1011,0136,OLEO PARA COMPRESSORES 20-40W.,0,2
1012,7266,ÓCULOS DE PROTEÇÃO, AMPLA VISÃO.,0,6
1013,6104,PA DE CONCHA,0,6
1014,7269,PA DE CORTE, 7 CRAVOS, C/ CABO,0,6
1015,3556,PANO DE PO, TIPO FLANELA, AMARELO,0,6
1016,3579,PANO DE PRATO, EM ALGODÃO.,0,6
1017,0689,PAPEL A-4 VERGE AGUA MARINHA.180GR. C/50 FLS.,0,4
1018,6255,PAPEL A-4 VERGE AZUL, 80 GR. 100FLS.,0,4
1019,1037,PAPEL A-4 VERGE BRANCO 120 GR. CX. C/50 FLS.,0,7
1020,6951,PAPEL A-4 VERGE BRANCO,  90 GR., CX. 100 FLS.,0,4
1021,7954,PAPEL A-4 VERGE CREME, 120 GRAMAS 50 FLS.,0,4
1022,8117,PAPEL A-4 VERGE PALHA 120 GR. CX. C/50 FLS.,0,4
1023,7431,PAPEL A-4 VERGE PALHA, CX. 100 FLS,0,4
1024,7371,PAPEL A-4, 75 GR, 500 FLS.,0,7
1025,3303,PAPEL A-4, 75 GR., 500 FLS, AMARELO,0,7
1026,3304,PAPEL A-4, 75 GR., 500 FLS, AZUL,0,7
1027,3307,PAPEL A-4, 75 GR., 500 FLS, ROSA,0,7
1028,3305,PAPEL A-4, 75 GR., 500 FLS, VERDE,0,7
1029,8727,PAPEL A-4, 75GR, 100% RECICLADO,  C/ 500 FLS.ECOLÓGICOS,0,7
1030,3306,PAPEL A-4, 75GR., C/ LOGO UFSM, 500 FLS.,0,7
1031,3325,PAPEL A-4, 90GR, C/ LOGO UFSM, 250FLS,0,7
1032,6222,PAPEL ALMACO PAUTADO, PCT. 400 FLS,0,7
1033,9701,PAPEL ALUMINIO 30 CM X 7,5 M EM ROLO.,0,19
1034,0069,PAPEL CANSON A-3, NEUTRO, 150 GR, PCT. C/ 20 FLS.,0,7
1035,3288,PAPEL CARBONO NYLON, 22 X 33, PRETO,0,28
1036,4495,PAPEL CELOFANE TRANSPARENTE.,0,28
1037,3289,PAPEL CELOFANE, 51 X 89, AMARELO,0,28
1038,3290,PAPEL CELOFANE, 51 X 89, AZUL,0,28
1039,3291,PAPEL CELOFANE, 51 X 89, VERDE,0,28
1040,3292,PAPEL CELOFANE, 51 X 89, VERMELHO,0,28
1041,0068,PAPEL CREPON, 48CM X 2 M, LARANJA.,0,28
1042,6682,PAPEL CREPON, 48CM X 2M., AMARELO,0,28
1043,6679,PAPEL CREPON, 48CM X 2M., AZUL CELESTE,0,28
1044,6678,PAPEL CREPON, 48CM X 2M., BRANCO,0,28
1045,6680,PAPEL CREPON, 48CM X 2M., ROXO,0,28
1046,6683,PAPEL CREPON, 48CM X 2M., VERDE BANDEIRA,0,28
1047,6681,PAPEL CREPON, 48CM X 2M., VERMELHO,0,28
1048,9793,PAPEL E.V.A. EMBORRACHADO, TAMANHO A-2, COR: AMARELO.,0,28
1049,9791,PAPEL E.V.A. EMBORRACHADO, TAMANHO A-2, COR: AZUL.,0,28
1050,9796,PAPEL E.V.A. EMBORRACHADO, TAMANHO A-2, COR: BRANCO.,0,28
1051,9716,PAPEL E.V.A. EMBORRACHADO, TAMANHO A-2, COR: CINZA,0,28
1052,9795,PAPEL E.V.A. EMBORRACHADO, TAMANHO A-2, COR: LARANJA.,0,28
1053,0503,PAPEL E.V.A. EMBORRACHADO, TAMANHO A-2, COR: LILÁS.,0,28
1054,0502,PAPEL E.V.A. EMBORRACHADO, TAMANHO A-2, COR: MARRON.,0,28
1055,9797,PAPEL E.V.A. EMBORRACHADO, TAMANHO A-2, COR: PRETO.,0,28
1056,9798,PAPEL E.V.A. EMBORRACHADO, TAMANHO A-2, COR: ROSA.,0,28
1057,9794,PAPEL E.V.A. EMBORRACHADO, TAMANHO A-2, COR: VERDE.,0,28
1058,9790,PAPEL E.V.A. EMBORRACHADO, TAMANHO A-2, COR: VERMELHO.,0,28
1059,6722,PAPEL GLOSSY, P/ FOTOS, EMB. 50 FLS, TAM. A-4.,0,4
1060,3295,PAPEL HELIOGRAFICO, EM ROLO, AZUL,0,19
1061,4607,PAPEL HIGIÊNICO BRANCO, EM ROLO (ROLÃO), C/300M.,0,19
1062,0051,PAPEL HIGIÊNICO, FOLHA DUPLA, PCT. C/ 4 ROLOS.,0,7
1063,3296,PAPEL JORNAL TAM. OFICIO, PCT. 500 FLS,0,7
1064,6175,PAPEL OF. 216X330MM, 500FLS,0,7
1065,7346,PAPEL P/ EMPACOTAMENTO, BB. 120CM, PARDO.,0,9
1066,4142,PAPEL P/ EMPACOTAMENTO, BB. 60CM, ROSA,0,9
1067,4008,PAPEL P/ FAX, TERMICO, BOBINA 216 X 30CM,0,9
1068,9435,PAPEL SEDA, 40 X 60CM. PCT C/ 100FLS.,0,7
1069,0670,PAPEL VEGETAL A4, 95 GR. TRANSLÚCIDO. C/100 FLS.,0,4
1070,3741,PARAFUSO 2,2 X 12 MM, AUTO-ATARR., MADEI,0,6
1071,3742,PARAFUSO 2,2 X 13 MM, AUTO-ATARR., MADEI,0,6
1072,3743,PARAFUSO 2,2 X 9,5MM, AUTO-ATARR., MADEI,0,6
1073,3744,PARAFUSO 2,5 X 10 MM, AUTO-ATARR., MADEI,0,6
1074,6435,PARAFUSO 2,5 X 16 MM, SOBERBO, USO GERAL,0,6
1075,6493,PARAFUSO 2,8 X 20 MM, SOBERBO, USO GERAL,0,6
1076,3745,PARAFUSO 2,9 X 13 MM, SOBERBO, USO GERAL,0,6
1077,3746,PARAFUSO 2,9 X 9,5MM, SOBERBO, USO GERAL,0,6
1078,3740,PARAFUSO 3,2 X 30, AA, USO MÓVEIS,0,6
1079,3747,PARAFUSO 3,5 X 16 MM, SOBERBO, USO GERAL,0,6
1080,3748,PARAFUSO 3,5 X 19 MM, SOBERBO, USO GERAL,0,6
1081,3753,PARAFUSO 3,8 X 45 MM, SOBERBO, USO GERAL,0,6
1082,3749,PARAFUSO 3,9 X 22 MM, SOBERBO, USO GERAL,0,6
1083,3750,PARAFUSO 4,2 X 22 MM, SOBERBO, USO GERAL,0,6
1084,3751,PARAFUSO 4,2 X 25 MM, SOBERBO, USO GERAL,0,6
1085,3755,PARAFUSO 4,2 X 45 MM, SOBERBO, USO GERAL,0,6
1086,3754,PARAFUSO 4,8 X 38 MM, AUTO-ATARR., MADEIRA.,0,6
1087,8972,PARAFUSO 4,8X 45 MM, USO GERAL (SERVE NA BUCHA S-8).,0,6
1088,3756,PARAFUSO 5,5 X 100MM, AUTO-ATARR., MADEI,0,6
1089,3757,PARAFUSO 5,5 X 22 MM, SOBERBO, USO GERAL,0,6
1090,3758,PARAFUSO 5,5 X 40 MM, SOBERBO, USO GERAL,0,6
1091,3759,PARAFUSO 5,5 X 45 MM, SOBERBO, USO GERAL,0,6
1092,3760,PARAFUSO 5,5 X 50 MM, AUTO-ATARR., MADEI,0,6
1093,3761,PARAFUSO 5,5 X 55 MM, AUTO-ATARR., MADEI,0,6
1094,3762,PARAFUSO 5,5 X 65 MM, AUTO-ATARR., MADEI,0,6
1095,3763,PARAFUSO 5,5 X 75 MM, AUTO-ATARR., MADEI,0,6
1096,3764,PARAFUSO 6,1 X 55 MM, AUTO-ATARR., MADEI,0,6
1097,7469,PARAFUSO P/ FIBROCIMENTO, 180MM, COMPLETO.,0,6
1098,9493,"PARAFUSO PHILIPS  CABEÇA CHATA, 2 1/2""  X 16 MM.",0,6
1099,9491,PARAFUSO PHILIPS CABEÇA CHATA, 3,0 X 16 mm.,0,6
1100,9492,PARAFUSO PHILIPS CABEÇA CHATA, 4,0 MM X 50 MM.,0,6
1101,7363,PASSA FIO (CABO P/ ELETRICISTA), 15 M.,0,6
1102,6985,PASTA CARTOLINA BRANCA, PADRAO UFSM, P/ SEMINÁRIOS.,0,6
1103,3359,PASTA CARTOLINA C/ ABA E ELASTICO,0,6
1104,3360,PASTA CARTOLINA S/ ABA E ELASTICO, C/ GRAMPO-TRILHO,0,6
1105,3358,PASTA CATALOGO C/ SACOS PLAST., TAM. OFI,0,6
1106,9888,PASTA ENVELOPE EM PVC, C/ ZIPER 11 X 8 CM.,0,6
1107,9889,PASTA ENVELOPE EM PVC, C/ ZIPER 13,5 X 10 CM.,0,6
1108,6644,PASTA LUBRIFICANTE P/ INST. HIDR., 500 G,0,21
1109,0761,PASTA MULTIUSO TAMANO A-2, EM PP C/ TRAVA.,0,6
1110,0760,PASTA MULTIUSO TAMANO A-4, EM PP C/ TRAVA.,0,6
1111,6677,PASTA POLIONDA TIPO MALETA, 380X280X40MM.,0,6
1112,3362,PASTA POLIONDA, OFICIO, ABA E ELASTICO,0,6
1113,3363,PASTA REGISTRADORA A-Z, DORSO ESTREITO,,0,6
1114,3365,PASTA REGISTRADORA A-Z, DORSO LARGO, OFI,0,6
1115,7483,PASTA REGISTRADORA A/Z  QUALIDADE ESPECIAL.,0,6
1116,8470,PASTA SANFONADA TAM. OFICIO II, IND. 1-31 e A-Z, EM PLASTICO,0,6
1117,9725,PASTA SUSPENSA LATERAL, P/ ARQUIVO ZORNITA.,0,6
1118,3367,PASTA SUSPENSA, C/ ACESSORIOS.,0,6
1119,7303,PASTA TIPO SEMINÁRIO, PVC RÍGIDO PRETO,0,6
1120,0667,PAZINHA ESTREITA, METÁLICA, P/ JARDINAGEM C/ CABO,0,6
1121,0794,PÁ PARA LIXO C/ CABO LONGO.,0,6
1122,6849,PE-DE-CABRA EM AÇO,0,6
1123,3369,PERCEVEJO LATONADO, CX. C/ 100UN.,0,4
1124,9181,"PERFILADO - JUNCAO INTERNA ""T""  38X38MM.",0,6
1125,9182,"PERFILADO - JUNCAO INTERNA ""X""  38X38MM.",0,6
1126,6100,PERFURADOR DE PAPEIS, TAM. MEDIO,0,6
1127,4116,PILHA ALCALINA 1.5V GRANDE, CARTELA C/ 2 UNID.,0,27
1128,4115,PILHA ALCALINA 1.5V MEDIA, CARTELA C/ 2 UN.,0,27
1129,4114,PILHA ALCALINA 1.5V PEQUENA, CARTELA C/ 2 UN.,0,27
1130,0067,PILHA ALCALINA P/ CONTROLE, 12V. MOD.23.,0,6
1131,4927,PILHA ALCALINA PALITO, TAM. AAA, CARTELA C/ 2 UNIDADES.,0,27
1132,1035,PILHA ALCALINA PALITO, TAM. AAA, CARTELA C/ 4 UNIDADES.,0,27
1133,1036,PILHA ALCALINA PEQUENA, TAM. AA, CARTELA C/ 4 UNIDADES.,0,27
1134,0987,PILHA RECARREGÁVEL AAA, 2.300 MAH, C/ 2 UNIDADES.,0,27
1135,6875,"PINCEL (TRINCHA) P/ PINTURA, 1/2""",0,6
1136,3803,"PINCEL (TRINCHA) P/ PINTURA, 1""",0,6
1137,3804,"PINCEL (TRINCHA) P/ PINTURA, 1"" 1/2",0,6
1138,3805,"PINCEL (TRINCHA) P/ PINTURA, 2""",0,6
1139,3806,"PINCEL (TRINCHA) P/ PINTURA, 2"" 1/2",0,6
1140,6876,"PINCEL (TRINCHA) P/ PINTURA, 3/4""",0,6
1141,3807,"PINCEL (TRINCHA) P/ PINTURA, 3""",0,6
1142,3809,"PINCEL (TRINCHA) P/ PINTURA, 4""",0,6
1143,6689,PINCEL ART. CHATO, NR. 02,0,6
1144,6690,PINCEL ART. CHATO, NR. 04,0,6
1145,6691,PINCEL ART. CHATO, NR. 06,0,6
1146,6692,PINCEL ART. CHATO, NR. 08,0,6
1147,6693,PINCEL ART. CHATO, NR. 10,0,6
1148,6694,PINCEL ART. CHATO, NR. 12,0,6
1149,6695,PINCEL ART. CHATO, NR. 14,0,6
1150,6696,PINCEL ART. CHATO, NR. 16,0,6
1151,6697,PINCEL ART. CHATO, NR. 18,0,6
1152,6698,PINCEL ART. CHATO, NR. 20,0,6
1153,0706,PINCEL ART. CHATO, NR. 22,0,6
1154,0894,PINCEL ART. CHATO, NR. 24,0,6
1155,3375,PINCEL ART. REDONDO, NR. 02,0,6
1156,3376,PINCEL ART. REDONDO, NR. 03,0,6
1157,3377,PINCEL ART. REDONDO, NR. 04,0,6
1158,3378,PINCEL ART. REDONDO, NR. 05,0,6
1159,3379,PINCEL ART. REDONDO, NR. 06,0,6
1160,3380,PINCEL ART. REDONDO, NR. 07,0,6
1161,3381,PINCEL ART. REDONDO, NR. 08,0,6
1162,3383,PINCEL ART. REDONDO, NR. 10,0,6
1163,3385,PINCEL ART. REDONDO, NR. 12,0,6
1164,6684,PINCEL ART. REDONDO, NR. 14,0,6
1165,6685,PINCEL ART. REDONDO, NR. 16,0,6
1166,6686,PINCEL ART. REDONDO, NR. 18,0,6
1167,3386,PINCEL ART. REDONDO, NR. 20,0,6
1168,6687,PINCEL ART. REDONDO, NR. 22,0,6
1169,6688,PINCEL ART. REDONDO, NR. 24,0,6
1170,3384,PINCEL ART. REDONDO, NR.11,0,6
1171,8047,PINCEL ATOMICO PONTA FINA, AMARELO,0,6
1172,6203,PINCEL ATOMICO PONTA FINA, AZUL,0,6
1173,6204,PINCEL ATOMICO PONTA FINA, PRETO,0,6
1174,6206,PINCEL ATOMICO PONTA FINA, VERMELHO,0,6
1175,3371,PINCEL ATOMICO PONTA GROSSA, AZUL,0,6
1176,3372,PINCEL ATOMICO PONTA GROSSA, PRETO,0,6
1177,3373,PINCEL ATOMICO PONTA GROSSA, VERDE,0,6
1178,3374,PINCEL ATOMICO PONTA GROSSA, VERMELHO,0,6
1179,9685,PISTOLA DE COLA QUENTE.,0,6
1180,9515,PLACA DE REDE PCI, WIRELESS 54 MBPS. IEEE 802.11G.,0,6
1181,7304,PLACA DE REDE, 10/100 MBPS, PCI 32 BITS.,0,6
1182,0075,"PLACA DE SINALIZAÇÃO  - "" PROIBIDO FUMAR""",0,6
1183,7491,PLACA DE SOM ACELERADORA DE AUDIO.,0,6
1184,7481,PLACA DE SOM ACELERADORA DE ÁUDIO SOUND 3D.,0,6
1185,7995,PLACA DE VIDEO (ACELERADORA), AGP 4/8X, 64MB.,0,6
1186,7994,PLACA DE VIDEO (ACELERADORA), PCI, 32 MB.,0,6
1187,7991,PLACA DE VIDEO 128MB, AGP 4X/8X , ACELERADOR 3D/GPU,200MHZ.,0,6
1188,7791,PLACA DE VIDEO G-FORCE FX SÉRIE 5000  128MB AGP 8X.,0,6
1189,7500,PLACA DE VIDEO NVIDIA, MOD. TNT2, 32 Mb., AGP.,0,6
1190,7939,PLACA DE VIDEO PINNACLE C/ SINTONIZADOR TV, CAPTURA E EDIÇÃO,0,6
1191,7497,PLACA MAE P/ PROCESSADOR AMD ATHLON XP,0,6
1192,0210,PLACA MÃE P/ COMP. LENOVO MODELO MT-M 8814-A22,  FRU 41T1434,0,6
1193,8049,PLACA MÃE P/PROCESSADOR PENTIUM-IV , SOCKET 775.,0,6
1194,0274,PLACA MÃE PARA PROCESSADOR CORE I 7, SOKET LGA 1156.,0,6
1195,7501,PLACA USB 2/4 SAIDAS C/ SAIDA INTERNA.,0,6
1196,3612,"PLUG PVC BRANCO, ROSCA EXTERNA, 1/2""",0,6
1197,6651,PORTA INTERNA, SEMI-OCA, PINHO, 0.60 X 2.10,0,6
1198,6652,PORTA INTERNA, SEMI-OCA, PINHO, 0.70 X 2.10 M.,0,6
1199,6653,PORTA INTERNA, SEMI-OCA, PINHO, 0.80 X 2.10 M.,0,6
1200,7593,PORTA INTERNA, SEMI-OCA, PINHO, 0.90 X 2.10,0,6
1201,9580,PORTA VASSOURAS ( SUPORTE DE PAREDE ),0,6
1202,3390,PORTA-CARIMBOS, EM METAL,0,6
1203,3389,PORTA-CARIMBOS, ROTATIVO, 10 LUGARES,0,6
1204,7613,"PORTA-CD, TIPO ""CASQUINHA"", PARA 1 CD",0,6
1205,7536,PORTA-CD, TIPO PASTA,  CAPACIDADE 24 UNID.,0,6
1206,3391,PORTA-CLIPS, MAGNETICO,0,6
1207,3392,PRANCHETA EM DURATEX, COM PRENDEDOR  PAPEIS,0,6
1208,9566,PRATO PLÁSTICO PARA PLANTAS Nº 3, COR PRETO.,0,6
1209,9565,PRATO PLÁSTICO PARA PLANTAS Nº 4, COR PRETO.,0,6
1210,9564,PRATO PLÁSTICO PARA PLANTAS Nº 6, COR PRETO.,0,6
1211,9579,PRATOS PLÁSTICOS DESC. P/ SOBREMESA 15CM, PCT. C/ 10 UNID.,0,7
1212,6427,PREGO CABECA-DUPLA, 17 X 27 - PACOTE C/ 1 KG,0,7
1213,6428,PREGO CABECA-DUPLA, 18 X 30 - PACOTE C/ 1 KG,0,7
1214,3767,PREGO COM CABECA, 13 X 15 - PACOTE C/ 1 KG,0,7
1215,7365,PREGO COM CABECA, 13 X 18 - PACOTE C/ 1 KG,0,7
1216,6551,PREGO COM CABECA, 16 X 24 - - PACOTE C/ 1 KG,0,1
1217,6854,PREGO COM CABECA, 18 X 24 - PACOTE C/ 1 KG,0,7
1218,3769,PREGO COM CABECA, 19 X 39 - PACOTE C/ 1 KG,0,7
1219,6550,PREGO COM CABECA, 22 X 45. - PACOTE C/ 1 KG,0,7
1220,6429,PREGO SEM CABECA, 10 X 10 - PACOTE C/ 1 KG,0,7
1221,3770,PREGO SEM CABECA, 12 X 12 - PACOTE C/ 1 KG,0,7
1222,6430,PREGO SEM CABECA, 13 X 18 - PACOTE C/ 1 KG,0,7
1223,6431,PREGO SEM CABECA, 15 X 21 - PACOTE C/ 1 KG,0,7
1224,6432,PREGO SEM CABECA, 16 X 24 - PACOTE C/ 1 KG,0,7
1225,0946,PREGO TELHEIRO, COMPLETO, 18 X 27  - PACOTE C/ 1 KG,0,1
1226,6856,PREGO TELHEIRO, COMPLETO, 18 X 30 - PACOTE C/ 500GR,0,7
1227,9567,PRENDEDOR DE ROUPAS PLÁSTICO, C/ 12 UNIDADES.,0,7
1228,9894,PRESILHA EM PVC, TIPO JACARÉ.,0,6
1229,8100,PROCESSADOR AMD 3200 32 BIT, SOCKET 754.,0,6
1230,0896,PROCESSADOR AMD ATHLON, 3,0 GHZ, DUAL-CORE, SOQUETE AM3.,0,6
1231,8465,PROCESSADOR INTEL CORE 2 DUO.,0,6
1232,1022,PROCESSADOR INTEL CORE 2 QUAD. 2.66 GHZ/4M/1333/05A.,0,6
1233,7943,PROCESSADOR INTEL PENTIUM-IV, HT, 3.0GHZ, SOKET 775.,0,6
1234,0976,PROCESSADOR P/ PENTIUM/CELERON I5, SOCKET 1150.,0,6
1235,9892,PROTELIVROS, LOMBADA 10 CM EMBALAGEM C/ 1.000 UNID.,0,5
1236,0922,PROTELIVROS, LOMBADA 10 CM, FOLHA C/ 6 UNID.,0,28
1237,4944,PROTETOR AURICULAR TIPO PLUG,0,6
1238,6724,"PROTETOR DE TELA (ANTI-REFLEX) 14/15""",0,6
1239,7477,PROTETOR PLAST. P/ TRANSPARENCIA PCT. C/10 UN.,0,7
1240,0438,PUNCH DOWW DE REDE 314B, LARANJA.,0,6
1241,7963,PUXADOR P/ MOVEIS, EMBUTIR (CONCHA), 30MM X 90MM,0,6
1242,6861,PUXADOR P/ MOVEIS, HASTE 64MM, DOURADO,0,6
1243,7961,PUXADOR P/ MOVEIS, MODELO ARCO, 128mm,0,6
1244,7962,PUXADOR P/ MOVEIS, MODELO ARCO, 96mm,0,6
1245,6858,PUXADOR P/ MOVEIS, REDONDO, BEGE C/ DOUR,0,6
1246,6860,PUXADOR P/ MOVEIS, REDONDO, DOURADO,0,6
1247,4179,QUEROSENE, EMB. 850ML,0,25
1248,3393,REABASTECEDOR P/ PINCEL ATOMICO, AMARELO,0,6
1249,3397,REABASTECEDOR P/ PINCEL ATOMICO, VERMELH,0,6
1250,8003,REABASTECEDOR P/MARCADOR QUADRO BRANCO 20ML, VERMELHO,0,20
1251,7366,REATOR ELETROMAGNETICO P/ FLUORESCENTE, 1 X 20W,0,6
1252,4060,REATOR ELETROMAGNETICO P/ FLUORESCENTE, 2 X 20W.,0,6
1253,4061,REATOR ELETRONICO P/ FLUORESCENTE, 2 X 36/40W.,0,6
1254,7980,REATOR ELETRÔNICO P/ FLUORESCENTE, 2 X 20W OU 2 X 18W,0,6
1255,7457,REATOR ELETRÔNICO P/ FLUORESCENTE, 2 X 32W,0,6
1256,7581,REATOR P/ LAMP. VAPOR SÓDIO, AFP, 250W,0,6
1257,9932,REBITE ALUMINIO 3,2 X 12,0,6
1258,6864,REBITE ALUMINIO 4.0 X 12,0,6
1259,6865,REBITE ALUMINIO 4.0 X 16,0,6
1260,6552,REBITE ALUMINIO 4.10 X 10,0,6
1261,0486,RECARGA DE CARTUCHO TONER.,0,6
1262,7180,REDE - CABO CATEGORIA 6,  24 AWG, 4 PARES.,0,16
1263,8970,REDE - CALHA PLASTICA 30 X 30 C/ TAMPA, BARRA C/ 2 MT.,0,24
1264,7201,REDE - CALHA PLASTICA 50 X 50, C/ TAMPA, BARRA C/2 MT,0,24
1265,7185,REDE - CONECTOR RJ-45, FEMEA, CAT5E.,0,6
1266,0985,REDE - CONECTOR RJ-45, FEMEA, CAT6E.,0,6
1267,0909,REDE - CONECTOR RJ-45, FEMEA, P/ PATCH PANEL.,0,6
1268,7184,REDE - CONECTOR RJ-45, MACHO,0,6
1269,7925,REDE - CORDÃO ÓPTICO CONECTORIZADO, 2.5 MT.,0,6
1270,7183,REDE - PATCH CORD CAT 6, 2,5MT.,0,6
1271,0209,REDE - PATCH CORD CAT. 6, COMPRIMENTO 0,5M.,0,6
1272,7182,REDE - PATCH CORD CAT.6, 1.5MT.,0,6
1273,7370,REDE - SURFACE BOX C/ DUAS SAIDAS,0,6
1274,4401,REDES P/ TENIS DE MESA,0,6
1275,9581,REFIL P/ FAX PANASONIC, MODELO KX-FA52A.,0,6
1276,3398,REFORCO PLASTICO AUTO-ADES., P/ FUROS PA,0,4
1277,6866,REGADOR PLASTICO, CAP. 10 LT,0,6
1278,9577,REGADOR PLASTICO, CAP. 2 LT.,0,6
1279,0144,"REGISTRO DE METAL BRUTO, GAVETA 3"".",0,6
1280,0143,"REGISTRO DE METAL PRESSÃO 3/4"", C/ ACABAMENTO.",0,6
1281,7964,"REGISTRO ESFERA METÁLICO, PASSAGEM TOTAL (FF), 2 1/2""",0,6
1282,8122,REGISTRO ESFERA PVC MARROM 75MM,0,6
1283,7426,REGISTRO ESFERA PVC MARROM, 25MM,0,6
1284,7427,REGISTRO ESFERA PVC MARROM, 32MM,0,6
1285,7429,REGISTRO ESFERA PVC MARROM, 50MM,0,6
1286,7430,REGISTRO ESFERA PVC MARROM, 60MM,0,6
1287,7428,REGISTRO ESFERA PVC, 40MM,0,6
1288,6615,"REGISTRO GAVETA, BRUTO, 1 1/2"", REF. 150",0,6
1289,6633,"REGISTRO PRESSAO, ACABAMENTO CROMADO, 3/4""",0,6
1290,3688,"REGISTRO PRESSAO, BRUTO, C/ ROSCA 3/4""",0,6
1291,3401,REGUA PLASTICA  C/ ESCALA, 30CM,0,6
1292,3402,REGUA PLASTICA  C/ ESCALA, 50CM,0,6
1293,6770,RELE FALTA DE FASE,0,6
1294,6332,"REPARO VALVULA DOCOL (CHAVE/MOLA 1 1/2"")",0,6
1295,6629,"REPARO VALVULA DOCOL (CHAVE/MOLA 1 1/4"")",0,6
1296,6628,"REPARO VALVULA DOCOL (PISTAO 1 1/4"")",0,6
1297,0534,"REPARO VALVULA DOCOL (VEDANTES), 1 1/2"".",0,6
1298,6331,"REPARO VALVULA DOCOL (VEDANTES), 1 1/4"".",0,6
1299,6434,RESISTENCIA P/ DUCHAS CORONA, 220V,0,6
1300,0331,RESISTÊNCIA MAXI DUCHA 220V, 5500W, REF. 055-A.,0,6
1301,7308,RISQUE-RABISQUE, C/ LOGO UFSM, C/ CAPA, 42 X 27CM.,0,6
1302,9785,RODÍZIO GIRATÓRIO, C/ BUCHA 9214, 50MM, COR PRETO.,0,6
1303,9291,ROLO DE ESPUMA P/ PINTURA, C/GARFO, 50MM.,0,6
1304,9494,ROLO DE LA P/ PINTURA, C/ GARFO, 15CM.,0,6
1305,3567,SABAO EM PO, CX. 500 GR.,0,4
1306,3565,SABAO GLICERINA, BARRA 200GR,0,24
1307,3571,SABAO MECANICO, BARRA 100GR,0,24
1308,3566,SABÃO AZUL P/ LOUÇA, BARRA 200 GR.,0,24
1309,9575,SABONETE ANTIBACTERIANO, 90 GR,0,6
1310,3573,SABONETE, 90 GR.,0,6
1311,0218,SACO BIODEGRADÁVEL P/ LIXO, 30 LT, C/50 UN. ECOLÓGICOS,0,7
1312,6180,SACO P/ LIXO 100 LT, EMB C/ 5 UN.,0,25
1313,0802,SACO P/ LIXO 30 LT, EMB C/ 50 UN.,0,25
1314,6181,SACO P/ LIXO 50 LT, EMB C/ 5 UN.,0,25
1315,3404,SACO PLAST. P/ PASTAS-CATALOGO, 4F.,0,6
1316,0196,SACO PLASTICO P/ MUDAS, 15 X 25 CM.,0,40
1317,9574,SACO PLASTICO, CAP. 10 KG, ROLO C/500 UN,0,19
1318,0698,SACO PLASTICO, CAP. 5KG, ROLO C/1.000 UN.,0,19
1319,6079,SACO PLASTICO, CAP. 5KG. PCT 100 UN.,0,7
1320,3406,SALIENTADOR DE TEXTO, AZUL,0,6
1321,3407,SALIENTADOR DE TEXTO, LARANJA,0,6
1322,3408,SALIENTADOR DE TEXTO, ROSA,0,6
1323,3409,SALIENTADOR DE TEXTO, VERDE,0,6
1324,3577,SAPONACEO, TB. C/ 300 GR,0,20
1325,6877,SELADOR P/ MADEIRA (BASE NITROCELULOSE), GL C/ 3,6LT,0,13
1326,7309,SEPARADOR PLÁST. ASSENTAR PISOS, 4MM,0,18
1327,7310,SEPARADOR PLÁST. ASSENTAR PISOS, 6 MM.,0,18
1328,9495,"SERRA CIRCULAR P/ MADEIRA 12"", 80 DENTES",0,6
1329,0423,"SERRA CIRCULAR PARA MADEIRA 10"", 60 DENTES.",0,6
1330,0424,"SERRA CIRCULAR, 12"" COM 80 DENTES.",0,6
1331,6867,"SERROTE PROFISSIONAL 26""",0,6
1332,6521,SIST.'X', CAIXA C/ TOMADA TELEFONE,0,10
1333,4112,SIST.'X', COTOVELO 90 GRAUS,0,6
1334,6525,SIST.'X', COTOVELO EXTERNO,0,6
1335,4111,SIST.'X', COTOVELO INTERNO,0,6
1336,6185,SIST.'X', LUVA,0,6
1337,4113,SIST.'X', T (TEE),0,6
1338,3580,SODA CAUSTICA, EMB. 1 KG.,0,6
1339,9338,SOLUÇÃO LIMPADORA P/ INST HIDRAULICA , 1000ML.,0,2
1340,4071,START P/ LAMPADA FLUORESCENTE, 20W, 220V,0,6
1341,4072,START P/ LAMPADA FLUORESCENTE, 40W, 220V,0,6
1342,9572,SUPORTE DE PAREDE P/ PAPEL TOALHA EM ROLO.,0,6
1343,6471,SUPORTE FILTRO ANTI-CALORICO (RETROPROJE,0,6
1344,4074,SUPORTE FIXO  P/ LAMPADA INCANDESCENTE,0,6
1345,7367,SUPORTE FIXO P/ INCANDESCENTE C/ RELE (MAGICO),0,6
1346,6472,SUPORTE LAMPADA PROJ. SLIDES IEC,0,6
1347,4075,SUPORTE MOVEL P/ LAMPADA FLUORESCENTE,0,6
1348,6772,SUPORTE P/ GLOBO (PLAFONIER),0,6
1349,4605,SUPORTE PLASTICO P/ COPOS DE CAFEZINHO, PCT. C/ 10 UN.,0,7
1350,0221,SUPORTE PLASTICO P/ COPOS DE CAFEZINHO, PCT. C/ 20 UN.,0,7
1351,9201,TALABARTE DE POSIC., REG., CORDA C/PROT., MOSQUETÃO AÇO INOX,0,6
1352,6485,"TAMPA CONDULETE 1/2 E 3/4"", CEGA, PVC",0,6
1353,0198,"TAMPA CONDULETE 4X1/2"", ALUMÍNIO, INTERRUPTOR 1 TECLA.",0,6
1354,0197,"TAMPA CONDULETE 4X1/2"", ALUMÍNIO, INTERRUPTOR 2 TECLAS.",0,6
1355,0199,"TAMPA CONDULETE 4X1/2"", ALUMÍNIO, INTERRUPTOR 3 TECLAS.",0,6
1356,4150,TAMPA P/ CAIXA PASSAGEM 4 X 2, 1 FURO REDONDO.,0,6
1357,6868,TAMPA PLASTICA P/ METALAO, 20 X 30, PRET,0,6
1358,9341,TAMPÃO CAP SOLDAVEL 20 MM.,0,6
1359,9340,TAMPÃO CAP SOLDAVEL 25 MM,0,6
1360,9342,TAMPÃO CAP SOLDAVEL 32 MM,0,6
1361,9343,TAMPÃO CAP SOLDAVEL 40 MM,0,6
1362,9344,TAMPÃO CAP SOLDAVEL 50 MM.,0,6
1363,9345,TAMPÃO CAP SOLDAVEL 60 MM.,0,6
1364,9348,TAMPÃO CAP SOLDAVEL 75MM,0,6
1365,9349,"TAMPÃO TIPO PLUG ROSQUEAVEL 1/2"".",0,6
1366,6045,TAPETE P/ MOUSE (MOUSE PAD),0,6
1367,9841,TECIDO TNT, LARG.1,40 MT, MARRON.,0,16
1368,9836,TECIDO TNT, LARG.1,40 MT, ROSA.,0,16
1369,9832,TECIDO TNT, LARG.1,40 MT, ROXO.,0,16
1370,0948,TECLA DE PLÁSTICO, CROMADA, P/ VALVULA DESCARGA, MOD. DOCOL.,0,6
1371,6898,TECLA LIGA-DESLIGA RETROPROJ. GRAFOTEC,0,6
1372,7329,TECLADO P/ MICROCOMPUTADOR, ABNT-2, CONECTOR PS/2,0,6
1373,7941,TECLADO P/ MICROCOMPUTADOR, ABNT-2, CONECTOR USB,0,6
1374,3606,TEE (T) PVC MARROM SOLD., 20MM,0,6
1375,3607,TEE (T) PVC MARROM SOLD., 25MM,0,6
1376,3608,TEE (T) PVC MARROM SOLD., 32MM,0,6
1377,6340,TEE (T) PVC MARROM SOLD., 40MM,0,6
1378,3609,TEE (T) PVC MARROM SOLD., 50MM,0,6
1379,6341,TEE (T) PVC MARROM SOLD., 60MM,0,6
1380,0571,TEE (T) PVC MARROM SOLD., 75MM,0,6
1381,7654,TELA SOMBRITE 50%, LARG. 3 MT,0,16
1382,8478,TELA SOMBRITE 70%, LARG. 3 MT,0,16
1383,9525,TELEFONE DE MESA, C/ IDENTIFICADOR DE CHAMADAS.,0,6
1384,7531,TELEFONE DE MESA, SIEMENS, MOD. EUROSET 3005,0,6
1385,3826,TELHA FIBROCIMENTO 6MM, 1,83X1,10M,0,6
1386,3827,TELHA FIBROCIMENTO 6MM, 2,44X1,10M,0,6
1387,3828,TELHA FIBROCIMENTO 6MM, 3,05X1,10M,0,6
1388,1017,TELHA TRANSLUCIDA ONDULADA, MED. 1,83X1,10M.,0,6
1389,3832,TELHA TRANSLUCIDA ONDULADA, MED. 3,05 X 1,10M.,0,6
1390,6594,TERMOSTATO COND.AR PROSDOCIMO,0,6
1391,6699,TESOURA ESCOLAR INOX., S/ PONTA,0,6
1392,6241,TESOURA INOX. C/PONTA, TAM. MEDIO,0,6
1393,7594,TESOURA P/ PODA, PROFISSIONAL,0,6
1394,6110,"TESOURA P/ PODA/GRAMA, 12""",0,6
1395,9498,TINTA  P/ VIAÇÃO, 3,6 LT, AZUL,0,5
1396,6243,TINTA AQUARELA, CARTELA 12 CORES,0,27
1397,6878,TINTA ESMALTE PLATINA, 3.6 LITROS,0,5
1398,6879,TINTA ESMALTE PRETA, 3.6 L.,0,13
1399,8007,TINTA GOUACHE POTE 250 ML, VERDE.,0,21
1400,8008,TINTA GOUACHE POTE 250ML, PRETO.,0,21
1401,3475,TINTA GOUACHE, CJ C/ 6 CORES, 50 GR CADA.,0,10
1402,3472,TINTA GOUACHE, POTE 250ML, AMARELO,0,21
1403,3473,TINTA GOUACHE, POTE 250ML, AZUL,0,21
1404,3476,TINTA GOUACHE, POTE 250ML, VERMELHO,0,21
1405,0076,TINTA NANKIN, PRETO.,0,20
1406,9715,TINTA P/ CARIMBO AUTOMÁTICO, C/ 28 ML, PRETA,0,12
1407,7626,TINTA P/ CARIMBO, AZUL,0,20
1408,3484,TINTA P/ CARIMBO, PRETA,0,20
1409,3485,TINTA P/ CARIMBO, VERMELHA,0,20
1410,6403,TINTA P/ VIACAO, AMARELA, GL. 18 LITROS,0,13
1411,0845,TINTA P/ VIAÇÃO, AZUL, GALÃO 18 LITROS.,0,5
1412,7315,TINTA SPRAY, TB. 240 GR., ROSA,0,20
1413,6396,TINTA VERNIZ MARITIMO, BRILHO, 3,6 LITROS,0,5
1414,0325,TOALHA INTERCALADA  ODONTOLOGICA,  BRANCO , C/200 FLS.,0,7
1415,0490,TOALHA PAPEL BRANCO, FOLHAS PICOTA, PCT. C/2 ROLOS.,0,7
1416,8247,TOMADA 2P + T, UNIVERSAL, MOD. NOVO, 20A, S/TAMPA.,0,6
1417,4086,TOMADA 3 PINOS CHATO P/ COND.AR., CJ TAMPA.,0,10
1418,4087,TOMADA FLUTUANTE 2 PINOS P/ EXTENSAO,0,6
1419,0418,TOMADA FLUTUANTE 3 PINOS P/ EXTENSAO, PADRÃO NOVO, 20A/250V.,0,6
1420,6546,TOMADA SOB. TELEFONE C/ ADAPTADOR U.S.A.,0,6
1421,6774,TOMADA TRIFASICA, EM PORCELANA, 20A/250V,0,6
1422,9474,TONER HP LASER JET COLOR 1515N, COR PRETO, REF. CB540-A.,0,6
1423,0558,TONER HP M401DN, REF. 80A.,0,6
1424,0557,TONER SAMSUNG ML-2955ND.,0,6
1425,6734,"TORNEIRA BOIA  1 1/4"".",0,6
1426,6735,"TORNEIRA BOIA DE METAL 1 1/2"".",0,6
1427,6345,"TORNEIRA CROMADA P/ LAVATORIO, 1/2""",0,6
1428,3693,TORNEIRA METALICA P/ JARDIM, 1/2',0,6
1429,3692,TORNEIRA PLASTICA,0,6
1430,3691,TORNEIRA PLASTICA P/ JARDIM,0,6
1431,4466,TRANSPARENCIA C/ TARJA, USO COPIADORAS,0,28
1432,6672,TRANSPARENCIA P/ JATO DE TINTA, CX C/ 50 FLS,0,4
1433,9202,TRAVAQUEDAS P/ 10 E 12MM, C/TRAVA DE SEGURANÇA.,0,6
1434,7319,TRENA METRICA, 50 M., C/ MEC. ENROLAR.,0,6
1435,9353,"TUBO GALVANIZADO 1 1/2"", BR. C/ 6M.",0,6
1436,9355,TUBO GALVANIZADO 2 1/2, BR. C/ 6M,0,24
1437,3635,TUBO PVC BRANCO,  75MM, BR. 6 M.,0,24
1438,3636,TUBO PVC BRANCO, 100MM, BR. 6 M.,0,24
1439,9222,TUBO PVC BRANCO, 150MM, BR. 6 M.,0,24
1440,9351,TUBO PVC MARROM SOLD. 75MM, BR. 6M,0,24
1441,3590,TUBO PVC MARROM SOLD., 20MM, BR. 6 MTS,0,24
1442,3591,TUBO PVC MARROM SOLD., 25MM, BR. 6M,0,24
1443,6263,TUBO PVC MARRON, SOLDÁVEL, 60MM. BR. 6 M.,0,24
1444,9569,UMIDECEDOR DE DEDOS EM GEL, 12 GRAMAS.,0,6
1445,6603,UNHO COMPLETO P/ VALVULA LAVATORIO 45-02,0,6
1446,4830,"VALVULA DE DESCARGA 1 1/2"".",0,6
1447,0833,"VALVULA DE RETENÇÃO HORIZONTAL EM METAL, 1 1/2"".",0,6
1448,6600,"VALVULA DESC. C/ REG., DB RI 484, 1 1/4""",0,6
1449,9206,VARA TELESCÓPICA 9,21M (ABERTA), 1,68M(FECHADA), 4,5KG.,0,6
1450,0661,VASO DE PLÁSTICO MOLE, 3 LT.,0,6
1451,9560,VASO REDONDO PARA PLANTAS, 1,4 LT.,0,6
1452,9562,VASO REDONDO PARA PLANTAS, 20 LT.,0,6
1453,9561,VASO REDONDO PARA PLANTAS, 5 LT.,0,6
1454,9563,VASO REDONDO PARA PLANTAS, 7,5 LT,0,6
1455,3699,VASO SANITARIO BRANCO (SAÍDA POR TRAZ),0,6
1456,3584,VASSOURA DE NYLON,0,6
1457,3582,VASSOURA DE PALHA,0,6
1458,3583,VASSOURA DE PIACAVA,0,6
1459,6871,VASSOURA METALICA P/ GRAMA, REGULAVEL,0,6
1460,3586,VASSOURA NYLON P/ VASO SANITARIO,0,6
1461,9801,VASSOURÃO CEPA EM MADEIRA,  NYLON, TIPO GARI 375X85X88 MM.,0,6
1462,9356,VEDANTE DE BORRACHA PARA TORNEIRA 1/2,0,6
1463,9357,VEDANTE DE BORRACHA PARA TORNEIRA 3/4,0,6
1464,6474,VENTUINHA PLASTICA RETROPROJETOR VISOGRA,0,6
1465,0072,VERNIZ GERAL ACRILEX, TUBO C/ 100 ML.,0,20
1466,7495,WEB CAM, CONEXÃO USB,0,6
